figure,panel,source,sha256,fields,unit,filters,notes
2,a,reports/studies/RQ004_ipv_state_space/RQ004_2_nature_conclusions_multiagent_20260618/02_process/agent_pair_asymmetry/tables/round3_case_level.csv,7e1f180949517e100ca11db9555d219d011a16e1978570109a42efc78eb137d2,source_row;ipv_key_agent_1_mean;ipv_key_agent_2_mean,independent case,all 34850 valid rows; symmetrize partners for display only,"48x48 fixed bins in [-1.2,1.2] rad; no smooth or synthetic points; RQ004-PRES-PLANE"
2,b,reports/studies/RQ004_ipv_state_space/RQ004_2_nature_conclusions_multiagent_20260618/02_process/agent_pair_asymmetry/tables/dataset_dyad_metrics.csv,2c69d620e269dd7dddad389fbf3a7a7ca2f3fcd45927759203c9b2d36fcf2e54,dataset;n;icc;icc_ci,independent case,four frozen source rows,per-source support totals 34850; intervals are 1000 case-bootstrap CIs
2,b,reports/studies/RQ004_ipv_state_space/RQ004_2_nature_conclusions_multiagent_20260618/02_process/agent_dynamics/tables/round3/round3_c1_static_implementation_comparison.csv,fa2598701eeb4efaa8bd9c5e28c928fe3558a313566a0a1d9ed30fcf30c75edd,implementation;observed_icc;observed_ci_low;observed_ci_high;null_mean;null_ci_low;null_ci_high;n_cases,matched-support case,DYNAMICS pooled estimates and DYAD independent estimates,independent observed interval is absent and not invented
2,c,reports/studies/RQ004_ipv_state_space/RQ004_2_nature_conclusions_multiagent_20260618/02_process/agent_dynamics/tables/round3/round3_c1_role_lock_auc_source.csv,c916cdb677c36a8a5f5ca78be6434b521b3f95348215cf39ea0a27493c0ff5f6,window;model;n_cases;n_clusters;auc;ci_low;ci_high,"case, clustered by scene",plot models ipv and kinematics; all three models preserved in Source Data,role target is final-quarter mean-IPV difference sign; original grouped OOF predictions and 300 scene bootstrap CIs
2,d,reports/studies/RQ004_ipv_state_space/RQ004_2_nature_conclusions_multiagent_20260618/02_process/agent_context_safety/tables/table_turning_pairs.csv,b0e5f00524fa62ccdabe48f57df668cfe6a25536dff9fc97e4db1b5697b44a69,turn_group;n_cases;mean_turn_minus_straight_ipv;ci_low;ci_high;p_bh,paired case,turn_group=all_turn_vs_straight,frozen paired-mean Student-t interval; excludes nonaccepted reversal subgroup
2,d,reports/studies/RQ004_ipv_state_space/RQ004_2_nature_conclusions_multiagent_20260618/02_process/agent_context_safety/tables/table_turn_dataset_replication.csv,ca252fddc72b6e1c51717e9d1d1d47ca1bde7bcf212ab7cacdeb5302bb0a66a4,dataset;n_cases;mean_turn_minus_straight_ipv;ci_low;ci_high,paired case,all four source rows,frozen Student-t interval; nuPlan crosses zero
2,e,reports/studies/RQ004_ipv_state_space/RQ004_1_state_space_law_nature_20260618/02_process/agent_B_evidence/priority_gap_pet_bins.csv,56d628b720835c032fa09aed858afd434bdfc9444c7b237c871c2374693292a9,dataset;pet_bin;n;estimate;ci_low;ci_high,paired priority/nonpriority case,"dataset=ALL, all three pre-existing PET strata",frozen B=1000 seed=42 case-bootstrap CIs; no rebootstrap; offline PET only
2,f,reports/studies/RQ004_ipv_state_space/RQ004_1_state_space_law_nature_20260618/02_process/agent_E_geometry/round3_geometry_prior_results.csv,2aace382b6517619161ad3464ff5f206f71ffd8a1a86f06323bb945241c22cad,table;scope;dataset_short;contrast_id;n;n_a;n_b;effect;ci_low;ci_high,interaction case,"table=primary_contrast;scope=dataset;contrast_id in MP_minus_nonMP,SS_minus_nonSS",eight source-specific original two-group bootstrap CIs; B=1200; no pooling
4,a,.codex-fleet/rq022-matched-scenario/work/T1_target_figure/ego_three_second_window.json,23f74efcf3fff8686c52ba348f1acc10c376b32a7fc3b769714ead692ee49802,ego_ttc_values_sorted; ego_ttc_quantiles; ego_danger_shares; ego_danger_bootstrap; ratios_against_inside,moments and frozen statistics,fixed 3-second window; alpha90; A499/C817/W12344,Full sorted data exported; no new statistics or tests
4,b,.codex-fleet/rq022-matched-scenario/work/T1_target_figure/ego_three_second_window.json,23f74efcf3fff8686c52ba348f1acc10c376b32a7fc3b769714ead692ee49802,ego_ttc_values_sorted; ego_ttc_quantiles; ego_danger_shares; ego_danger_bootstrap; ratios_against_inside,moments and frozen statistics,fixed 3-second window; alpha90; A499/C817/W12344,Full sorted data exported; no new statistics or tests
4,c,.codex-fleet/rq022-matched-scenario/work/T1_target_figure/accommodating_side_battery.json,9412399bcceddc7608f78da5f1f074f1959b9ad5bebac3ffe97d6f8b74cadb4e,battery.counterpart_speed_drop_ratio; battery.counterpart_speed_range_ratio,moment-weighted median ratios,fixed3; A469/C719/W10483; whole-run bootstrap B2000,Only counterpart fields used; old ego fields deliberately excluded
4,d,reports/studies/RQ021_contemporaneous_envelope/RQ021_1_contemporaneous_envelope_20260805T160425Z_43b4bff/rq019_rerun/distribution_results.json,447c5b2ab55013a2b227a15c46ccb7ca8274592f62f96d3ece5c16b65a0b50f4,alpha90_case_bootstrap_threshold_contrasts,acceleration records,"window=fixed3; stratum=non_scripted; both comparisons; thresholds -2,-3,-4",A13800/C21025/W310246; run bootstrap B1000
5,a,.codex-fleet/rq022-matched-scenario/work/T1_target_figure/human_arm_data.json,32b5263861b8add75de158c84ed142a59c7d8f8a6e2a166afa444654d62268fe,flag_counts; per_scenario_alpha90; signature; gates,aggregate counts and frozen statistics,REAL_VERIFIED; 90% main point,Human row-level archive not available locally; no recomputation
5,b,.codex-fleet/rq022-matched-scenario/work/T1_target_figure/human_arm_data.json,32b5263861b8add75de158c84ed142a59c7d8f8a6e2a166afa444654d62268fe,flag_counts; per_scenario_alpha90; signature; gates,aggregate counts and frozen statistics,REAL_VERIFIED; 90% main point,Human row-level archive not available locally; no recomputation
5,c,.codex-fleet/rq022-matched-scenario/work/T1_target_figure/human_arm_data.json,32b5263861b8add75de158c84ed142a59c7d8f8a6e2a166afa444654d62268fe,flag_counts; per_scenario_alpha90; signature; gates,aggregate counts and frozen statistics,REAL_VERIFIED; 90% main point,Human row-level archive not available locally; no recomputation
5,d,.codex-fleet/rq022-matched-scenario/work/T1_target_figure/human_arm_data.json,32b5263861b8add75de158c84ed142a59c7d8f8a6e2a166afa444654d62268fe,flag_counts; per_scenario_alpha90; signature; gates,aggregate counts and frozen statistics,REAL_VERIFIED; 90% main point,Human row-level archive not available locally; no recomputation
5,a,.codex-fleet/rq022-matched-scenario/work/T1_target_figure/av_reference_values.json,85dbe18431e36e8fae377073b3524c57d6b1a6c8b6768dec52621554b5105544,flag_counts; natural_human_outside_pct; per_scenario_alpha90; signature,aggregate counts and frozen statistics,90% main point,
5,b,.codex-fleet/rq022-matched-scenario/work/T1_target_figure/av_reference_values.json,85dbe18431e36e8fae377073b3524c57d6b1a6c8b6768dec52621554b5105544,flag_counts; natural_human_outside_pct; per_scenario_alpha90; signature,aggregate counts and frozen statistics,90% main point,
5,c,.codex-fleet/rq022-matched-scenario/work/T1_target_figure/av_reference_values.json,85dbe18431e36e8fae377073b3524c57d6b1a6c8b6768dec52621554b5105544,flag_counts; natural_human_outside_pct; per_scenario_alpha90; signature,aggregate counts and frozen statistics,90% main point,
5,d,.codex-fleet/rq022-matched-scenario/work/T1_target_figure/av_reference_values.json,85dbe18431e36e8fae377073b3524c57d6b1a6c8b6768dec52621554b5105544,flag_counts; natural_human_outside_pct; per_scenario_alpha90; signature,aggregate counts and frozen statistics,90% main point,
5,d,.codex-fleet/rq022-matched-scenario/work/T1_target_figure/ego_three_second_window.json,23f74efcf3fff8686c52ba348f1acc10c376b32a7fc3b769714ead692ee49802,ratios_against_inside.lower.q50/q75.ci95,ratio,fixed 3-second window; 2000 whole-run bootstrap,
5,a,reports/knowledge/PAPER001_online_sociality_verification_manuscript/figure_revision_20260925/process/source_snapshots/agent_handoff_before_revision.md,7f0a1ecd92daede56ced93019f180d020a049fdcc1e091eadc9756c895426686,"lines 1101-1103: 1.95 [1.62,2.39]; 20000 draws; seed 20260820",reported ratio and CI,accepted 2026-08-20 handoff,"Reported CI annotation only, not reconstructed from aggregate arm intervals; immutable pre-append snapshot of reports/knowledge/PAPER001_online_sociality_verification_manuscript/imported_from_paper_repo_20260620/agent_handoff.md; original result fields unchanged"
5,a,reports/knowledge/RQ022_matched_scenario_human_arm/decision.md,1f929b13c1a71aa4566c884a0dc9dab78a74ca7227dc61aa03686c8282a322d2,"Accepted endpoint 1: rate CI 3.4–5.5%, driver-by-scenario bootstrap B1000",human outside-rate CI,20 drivers × 15 scenarios; 300 runs,CI method differs from AV/human scenario bootstrap
6,a,data/manually_organized/RQ028_v1_主观评分_20260914/论文可用结果提取_20260925/tables/rating_descriptives.csv,5faf7f0fde7ef8c583d64bfd0118fda45df95ce1d021478026efb319402f8801,class;seat;metric;subject_equal_mean;ci_low;ci_high;n_ratings;n_subjects;n_pairs;ci_method,rating points (1-7),"metric=q1_rev; seat=ego and cp; class order A,C,W",Equal-participant mean; supplied pair-cluster percentile bootstrap intervals; no raw-weighted mean plotted.
6,a,data/manually_organized/RQ028_v1_主观评分_20260914/论文可用结果提取_20260925/tables/participant_paired_contrasts.csv,84353725dd65bcecb51670095f8998a7bdd5d706f39b7b34f8486b2f3fa625b7,seat;metric;contrast;estimate;ci_low;ci_high;p_holm_30;estimand;ci_method,within-subject difference in rating points,"metric=q1_rev; seat=cp; A-W,C-W,A-C",All three counterpart contrasts shown; original intervals retained; no inference from mean-interval overlap.
S2,a,data/manually_organized/RQ028_v1_主观评分_20260914/论文可用结果提取_20260925/tables/participant_paired_contrasts.csv,84353725dd65bcecb51670095f8998a7bdd5d706f39b7b34f8486b2f3fa625b7,seat;metric;contrast;estimate;ci_low;ci_high;ci_method,difference in rating points,"metric=q1_rev; seat=cp; A-W,C-W,A-C",Supplied estimates and intervals; two estimands and resampling units stay separate.
S2,a,data/manually_organized/RQ028_v1_主观评分_20260914/论文可用结果提取_20260925/tables/common_scenario_sensitivity.csv,611aa65558891b58eef7fb344127cfd356b10d5e6928ebeed6b1372c25a05296,seat;metric;contrast;estimate;ci_low;ci_high;ci_method,difference in rating points,"metric=q1_rev; seat=cp; A-W,C-W,A-C",Supplied estimates and intervals; two estimands and resampling units stay separate.
6,b,data/manually_organized/RQ028_v1_主观评分_20260914/论文可用结果提取_20260925/tables/rating_descriptives.csv,5faf7f0fde7ef8c583d64bfd0118fda45df95ce1d021478026efb319402f8801,class;seat;metric;subject_equal_mean;ci_low;ci_high;n_ratings;n_subjects;n_pairs;ci_method,rating points (1-7),"metric=q4; seat=ego and cp; class order A,C,W",Equal-participant mean; supplied pair-cluster percentile bootstrap intervals; no raw-weighted mean plotted.
6,b,data/manually_organized/RQ028_v1_主观评分_20260914/论文可用结果提取_20260925/tables/participant_paired_contrasts.csv,84353725dd65bcecb51670095f8998a7bdd5d706f39b7b34f8486b2f3fa625b7,seat;metric;contrast;estimate;ci_low;ci_high;p_holm_30;estimand;ci_method,within-subject difference in rating points,"metric=q4; seat=cp; A-W,C-W,A-C",All three counterpart contrasts shown; original intervals retained; no inference from mean-interval overlap.
S2,b,data/manually_organized/RQ028_v1_主观评分_20260914/论文可用结果提取_20260925/tables/participant_paired_contrasts.csv,84353725dd65bcecb51670095f8998a7bdd5d706f39b7b34f8486b2f3fa625b7,seat;metric;contrast;estimate;ci_low;ci_high;ci_method,difference in rating points,"metric=q4; seat=cp; A-W,C-W,A-C",Supplied estimates and intervals; two estimands and resampling units stay separate.
S2,b,data/manually_organized/RQ028_v1_主观评分_20260914/论文可用结果提取_20260925/tables/common_scenario_sensitivity.csv,611aa65558891b58eef7fb344127cfd356b10d5e6928ebeed6b1372c25a05296,seat;metric;contrast;estimate;ci_low;ci_high;ci_method,difference in rating points,"metric=q4; seat=cp; A-W,C-W,A-C",Supplied estimates and intervals; two estimands and resampling units stay separate.
6,c,data/manually_organized/RQ028_v1_主观评分_20260914/论文可用结果提取_20260925/tables/rating_descriptives.csv,5faf7f0fde7ef8c583d64bfd0118fda45df95ce1d021478026efb319402f8801,class;seat;metric;subject_equal_mean;ci_low;ci_high;n_ratings;n_subjects;n_pairs;ci_method,rating points (1-7),"metric=q5_cost_cp; seat=cp only; class order A,C,W",Equal-participant mean; supplied pair-cluster percentile bootstrap intervals; no raw-weighted mean plotted.
6,c,data/manually_organized/RQ028_v1_主观评分_20260914/论文可用结果提取_20260925/tables/participant_paired_contrasts.csv,84353725dd65bcecb51670095f8998a7bdd5d706f39b7b34f8486b2f3fa625b7,seat;metric;contrast;estimate;ci_low;ci_high;p_holm_30;estimand;ci_method,within-subject difference in rating points,"metric=q5_cost_cp; seat=cp; A-W,C-W,A-C",All three counterpart contrasts shown; original intervals retained; no inference from mean-interval overlap.
S2,c,data/manually_organized/RQ028_v1_主观评分_20260914/论文可用结果提取_20260925/tables/participant_paired_contrasts.csv,84353725dd65bcecb51670095f8998a7bdd5d706f39b7b34f8486b2f3fa625b7,seat;metric;contrast;estimate;ci_low;ci_high;ci_method,difference in rating points,"metric=q5_cost_cp; seat=cp; A-W,C-W,A-C",Supplied estimates and intervals; two estimands and resampling units stay separate.
S2,c,data/manually_organized/RQ028_v1_主观评分_20260914/论文可用结果提取_20260925/tables/common_scenario_sensitivity.csv,611aa65558891b58eef7fb344127cfd356b10d5e6928ebeed6b1372c25a05296,seat;metric;contrast;estimate;ci_low;ci_high;ci_method,difference in rating points,"metric=q5_cost_cp; seat=cp; A-W,C-W,A-C",Supplied estimates and intervals; two estimands and resampling units stay separate.
6,design strip,data/manually_organized/RQ028_v1_主观评分_20260914/论文可用结果提取_20260925/tables/design_counts.csv,1d548bf84c90c4baab0f2b8085b7fc60bdf2d3fbf3e69d720d4a33c1a9c31645,class;arm;seat;n_ratings;n_trials;n_subjects;n_pairs;n_segments;n_scenarios,counts,both seats for rating records; cp rows for trials and segments,"40 participants and 20 pairs are shared counts, not summed across rows; trials=596; segments=90; ratings=1192."
6,design strip,data/manually_organized/RQ028_v1_主观评分_20260914/论文可用结果提取_20260925/tables/scenario_class_coverage.csv,22b1af94ebe2f14dc41096d475f34138b0a2c0626f909f070678ca8d685d6d83,scenario_id,scenarios,unique scenario_id,15 observed scenarios.
S2,direction-count check,data/manually_organized/RQ028_v1_主观评分_20260914/论文可用结果提取_20260925/tables/common_scenario_source.csv,afef0a42d7d0eb2bb2c9462eb75cde7077c58cd476e4d9f6f5f2ef2f74e007a2,scenario_id;seat;metric;contrast;difference,scenario-level difference,check against all 30 common_scenario_sensitivity rows,Aggregate scenario counts checked; no new estimation.
6/S2,supplementary source table,data/manually_organized/RQ028_v1_主观评分_20260914/论文可用结果提取_20260925/tables/rating_descriptives.csv,5faf7f0fde7ef8c583d64bfd0118fda45df95ce1d021478026efb319402f8801,all existing fields,source-defined,complete aggregate table; no filtering,Byte-identical copy: source_data/fig6_rating_descriptives.csv
6/S2,supplementary source table,data/manually_organized/RQ028_v1_主观评分_20260914/论文可用结果提取_20260925/tables/participant_paired_contrasts.csv,84353725dd65bcecb51670095f8998a7bdd5d706f39b7b34f8486b2f3fa625b7,all existing fields,source-defined,complete aggregate table; no filtering,Byte-identical copy: source_data/fig6_participant_paired_contrasts.csv
6/S2,supplementary source table,data/manually_organized/RQ028_v1_主观评分_20260914/论文可用结果提取_20260925/tables/paper_core_results.csv,23b9a780313cd77fa2c6b4b1ef59462cf456b5f61891760db4540a6bb2992038,all existing fields,source-defined,complete aggregate table; no filtering,Byte-identical copy: source_data/fig6_paper_core_results.csv
6/S2,supplementary source table,data/manually_organized/RQ028_v1_主观评分_20260914/论文可用结果提取_20260925/tables/design_counts.csv,1d548bf84c90c4baab0f2b8085b7fc60bdf2d3fbf3e69d720d4a33c1a9c31645,all existing fields,source-defined,complete aggregate table; no filtering,Byte-identical copy: source_data/fig6_design_counts.csv
6/S2,supplementary source table,data/manually_organized/RQ028_v1_主观评分_20260914/论文可用结果提取_20260925/tables/common_scenario_source.csv,afef0a42d7d0eb2bb2c9462eb75cde7077c58cd476e4d9f6f5f2ef2f74e007a2,all existing fields,source-defined,complete aggregate table; no filtering,Byte-identical copy: source_data/fig6_common_scenario_source.csv
6/S2,supplementary source table,data/manually_organized/RQ028_v1_主观评分_20260914/论文可用结果提取_20260925/tables/common_scenario_sensitivity.csv,611aa65558891b58eef7fb344127cfd356b10d5e6928ebeed6b1372c25a05296,all existing fields,source-defined,complete aggregate table; no filtering,Byte-identical copy: source_data/fig6_common_scenario_sensitivity.csv
6/S2,supplementary source table,data/manually_organized/RQ028_v1_主观评分_20260914/论文可用结果提取_20260925/tables/alternative_code_sensitivity.csv,d99611ec47cc599cb6594b712316fe8a97398ed378604b23083f8d7d815051a4,all existing fields,source-defined,complete aggregate table; no filtering,Byte-identical copy: source_data/fig6_alternative_code_sensitivity.csv
6/S2,supplementary source table,data/manually_organized/RQ028_v1_主观评分_20260914/论文可用结果提取_20260925/tables/source_label_sensitivity.csv,9d5be513e1b5a21becf73df1603b5dfd6bb1fa062346db19d52fed8f52c547ba,all existing fields,source-defined,complete aggregate table; no filtering,Byte-identical copy: source_data/fig6_source_label_sensitivity.csv
6/S2,supplementary source table,data/manually_organized/RQ028_v1_主观评分_20260914/论文可用结果提取_20260925/tables/scenario_class_coverage.csv,22b1af94ebe2f14dc41096d475f34138b0a2c0626f909f070678ca8d685d6d83,all existing fields,source-defined,complete aggregate table; no filtering,Byte-identical copy: source_data/fig6_scenario_class_coverage.csv
6/S2,prior plotting entry point,data/manually_organized/RQ028_v1_主观评分_20260914/论文可用结果提取_20260925/process/make_figures.py,208fdca0aba2ec3dbb7e712629b6f50ffb4a3c38685fea8006b5dad799760464,input and weighting logic,not applicable,read only,Original figures migrated without reading the individual-level source used for faint dots.
3,a,reports/studies/RQ021_contemporaneous_envelope/RQ021_1_contemporaneous_envelope_20260805T160425Z_43b4bff/key_numbers.json,a40be0fec9665c35a48cb2e5566c5bc89e8c41bb8323081944e0905678bf3498,human_only_envelope.metrics; circularity_diagnostics.marginal_envelopes.ipv_log.metrics; D2_contemporaneous_test_r2,accepted or readable test moments,"pure-human test-fold; a,b supported and readable; d all readable",Accepted RQ021 outputs; distinct denominators preserved
3,b,reports/studies/RQ021_contemporaneous_envelope/RQ021_1_contemporaneous_envelope_20260805T160425Z_43b4bff/key_numbers.json,a40be0fec9665c35a48cb2e5566c5bc89e8c41bb8323081944e0905678bf3498,human_only_envelope.metrics; circularity_diagnostics.marginal_envelopes.ipv_log.metrics; D2_contemporaneous_test_r2,accepted or readable test moments,"pure-human test-fold; a,b supported and readable; d all readable",Accepted RQ021 outputs; distinct denominators preserved
3,d,reports/studies/RQ021_contemporaneous_envelope/RQ021_1_contemporaneous_envelope_20260805T160425Z_43b4bff/key_numbers.json,a40be0fec9665c35a48cb2e5566c5bc89e8c41bb8323081944e0905678bf3498,human_only_envelope.metrics; circularity_diagnostics.marginal_envelopes.ipv_log.metrics; D2_contemporaneous_test_r2,accepted or readable test moments,"pure-human test-fold; a,b supported and readable; d all readable",Accepted RQ021 outputs; distinct denominators preserved
3,c,.codex-fleet/paper-figure-upgrade/work/S1_scoring/fig1_three_layer_data.json,f593157423f7af1d9a714e7b133e311623c7ad785f41c51ba88539eef7e2a910,funnel,candidate test moments,pure-human test-fold universe,Support abstention denominator is readable moments
ED3,a,reports/studies/RQ004_ipv_state_space/RQ004_1_state_space_law_nature_20260618/02_process/agent_I_figures/F7_lodo_summary_source_data.csv,7597c629070d8fa5d4d15c971e0ccd67a03066be3bdc893c7023bed0b0302d37,outcome_spec; full_state_space_r2; test_n,independent cases,outcome_spec=case_mean_ipv,"Episode-summary prediction, separate from reference coverage"
ED3,b,reports/studies/RQ021_contemporaneous_envelope/RQ021_2_lodo_transfer_20260807T114305Z_0c4d280/key_numbers_e2.json,2b94b00d557344c909a837811f32919d277d6faddd7932682828909fd2db86df,lodo.<source>.metrics.90,moments,all four held-out sources; 90% level,Coverage denominator accepted; support abstention denominator readable
1,a,reports/knowledge/PAPER001_online_sociality_verification_manuscript/figure_revision_20260925/process/input_plan.md,fd6ef25e4565cb01dfd076c14bdf4017e21f30450b84d0685c4817ac206a44d7,Section 3: monitor logic,conceptual,schematic; no measured quantities,
1,b,.codex-fleet/paper-figure-upgrade/work/S1_scoring/all_candidates_scored.parquet,ae72b0cb7ad6e03452128601c6275d8790aee5ca8c04efe01d81aee634e1dd09,coordinates; elapsed_time_s; ipv_log; lo_90; hi_90; both_gates_ok; exceed_side_90,frames,case_key=ipv_004992; perspective=key_agent_1,221 source rows; timeline 11.0–22.7 s; trajectories from 13.2 s
1,c,.codex-fleet/paper-figure-upgrade/work/S1_scoring/all_candidates_scored.parquet,ae72b0cb7ad6e03452128601c6275d8790aee5ca8c04efe01d81aee634e1dd09,coordinates; elapsed_time_s; ipv_log; lo_90; hi_90; both_gates_ok; exceed_side_90,frames,case_key=ipv_004992; perspective=key_agent_1,221 source rows; timeline 11.0–22.7 s; trajectories from 13.2 s
S4,a,.codex-fleet/paper-figure-upgrade/work/S1_scoring/fig1_three_layer_data.json,f593157423f7af1d9a714e7b133e311623c7ad785f41c51ba88539eef7e2a910,grid; exemplar_readable; exemplar_abstain,candidate weights,frozen two-frame examples,No resampling or fitted uncertainty
S4,b,.codex-fleet/paper-figure-upgrade/work/S1_scoring/fig1_three_layer_data.json,f593157423f7af1d9a714e7b133e311623c7ad785f41c51ba88539eef7e2a910,grid; exemplar_readable; exemplar_abstain,candidate weights,frozen two-frame examples,No resampling or fitted uncertainty
S4,c,.codex-fleet/paper-figure-upgrade/work/S1_scoring/fig1_three_layer_data.json,f593157423f7af1d9a714e7b133e311623c7ad785f41c51ba88539eef7e2a910,grid; exemplar_readable; exemplar_abstain,candidate weights,frozen two-frame examples,No resampling or fitted uncertainty
ED4,a,.codex-fleet/paper-figure-upgrade/work/S1_scoring/fig1_three_layer_data.json,f593157423f7af1d9a714e7b133e311623c7ad785f41c51ba88539eef7e2a910,human_bins; human_hist; human_n,readable human moments,human test fold,486660 moments
ED4,b,.codex-fleet/paper-figure-upgrade/work/S1_scoring/fig1_three_layer_data.json,f593157423f7af1d9a714e7b133e311623c7ad785f41c51ba88539eef7e2a910,deployed_ranges,context summaries,CP|priority; MP|priority; MP|equal,Lower and upper medians computed separately; not one observed interval
ED4,b,.codex-fleet/rq021-contemporaneous-envelope/work/E1/onsite_scoring_dryrun.parquet,4c52b911128f8b804ffd64a9cf9f26590c4bdc83bfb11d2081b1f4bd6c317165,context_cell; lo_90; hi_90; width_90,all deployment candidate moments,same three context cells,Confirms all frozen counts and bound medians
