run_id,run_kind,negative_control_type,template,true_ipv_rad,true_ipv_source,counterpart_ipv_rad,intensity,seed_index,seed,n_steps,solver_mode,history_window,min_observation,persistent_k,frame_rows,run_status,reason_code,persistent_onset_step,persistent_concentration_any,run_estimate_ipv_log,signed_error_rad,abs_error_rad,zero_abs_error_rad,half_grid_success,one_grid_success,zero_half_grid_success,zero_one_grid_success,collision_any,opportunity_any,accepted_frame_count
interactive|clear_priority_crossing|t0|c0|weak|s0,interactive,,clear_priority_crossing,-0.7853981633974483,on_grid,-0.7853981633974483,weak,0,2026082800,16,exact,10,4,3,12,RECOVERED_READING,OK,4.0,True,-0.0030715839579212372,0.782326579439527,0.782326579439527,0.7853981633974483,False,False,False,False,False,True,12.0
interactive|clear_priority_crossing|t0|c0|weak|s1,interactive,,clear_priority_crossing,-0.7853981633974483,on_grid,-0.7853981633974483,weak,1,2026082801,16,exact,10,4,3,12,RECOVERED_READING,OK,4.0,True,-0.016664407617418133,0.7687337557800301,0.7687337557800301,0.7853981633974483,False,False,False,False,False,True,12.0
interactive|clear_priority_crossing|t0|c0|weak|s2,interactive,,clear_priority_crossing,-0.7853981633974483,on_grid,-0.7853981633974483,weak,2,2026082802,16,exact,10,4,3,12,RECOVERED_READING,OK,4.0,True,-0.013007578597804149,0.7723905847996442,0.7723905847996442,0.7853981633974483,False,False,False,False,False,True,12.0
interactive|clear_priority_crossing|t0|c0|strong|s0,interactive,,clear_priority_crossing,-0.7853981633974483,on_grid,-0.7853981633974483,strong,0,2026082810,16,exact,10,4,3,12,RECOVERED_READING,OK,4.0,True,0.32007032410074404,1.1054684874981924,1.1054684874981924,0.7853981633974483,False,False,False,False,False,True,12.0
interactive|clear_priority_crossing|t0|c0|strong|s1,interactive,,clear_priority_crossing,-0.7853981633974483,on_grid,-0.7853981633974483,strong,1,2026082811,16,exact,10,4,3,12,RECOVERED_READING,OK,4.0,True,0.05885836826643632,0.8442565316638846,0.8442565316638846,0.7853981633974483,False,False,False,False,False,True,12.0
interactive|clear_priority_crossing|t0|c0|strong|s2,interactive,,clear_priority_crossing,-0.7853981633974483,on_grid,-0.7853981633974483,strong,2,2026082812,16,exact,10,4,3,12,RECOVERED_READING,OK,4.0,True,0.37320327462121583,1.158601438018664,1.158601438018664,0.7853981633974483,False,False,False,False,False,True,12.0
interactive|clear_priority_crossing|t0|c1|weak|s0,interactive,,clear_priority_crossing,-0.7853981633974483,on_grid,0.7853981633974483,weak,0,2026082820,16,exact,10,4,3,12,RECOVERED_READING,OK,4.0,True,0.00017205986225748296,0.7855702232597057,0.7855702232597057,0.7853981633974483,False,False,False,False,False,True,12.0
interactive|clear_priority_crossing|t0|c1|weak|s1,interactive,,clear_priority_crossing,-0.7853981633974483,on_grid,0.7853981633974483,weak,1,2026082821,16,exact,10,4,3,12,RECOVERED_READING,OK,4.0,True,-0.009644031889362553,0.7757541315080857,0.7757541315080857,0.7853981633974483,False,False,False,False,False,True,12.0
interactive|clear_priority_crossing|t0|c1|weak|s2,interactive,,clear_priority_crossing,-0.7853981633974483,on_grid,0.7853981633974483,weak,2,2026082822,16,exact,10,4,3,12,RECOVERED_READING,OK,4.0,True,-0.0010645651030539464,0.7843335982943943,0.7843335982943943,0.7853981633974483,False,False,False,False,False,True,12.0
interactive|clear_priority_crossing|t0|c1|strong|s0,interactive,,clear_priority_crossing,-0.7853981633974483,on_grid,0.7853981633974483,strong,0,2026082830,16,exact,10,4,3,12,RECOVERED_READING,OK,4.0,True,-0.00061761221505585,0.7847805511823924,0.7847805511823924,0.7853981633974483,False,False,False,False,False,True,12.0
interactive|clear_priority_crossing|t0|c1|strong|s1,interactive,,clear_priority_crossing,-0.7853981633974483,on_grid,0.7853981633974483,strong,1,2026082831,16,exact,10,4,3,12,RECOVERED_READING,OK,4.0,True,-0.0004922994738750395,0.7849058639235732,0.7849058639235732,0.7853981633974483,False,False,False,False,False,True,12.0
interactive|clear_priority_crossing|t0|c1|strong|s2,interactive,,clear_priority_crossing,-0.7853981633974483,on_grid,0.7853981633974483,strong,2,2026082832,16,exact,10,4,3,12,RECOVERED_READING,OK,4.0,True,-0.0008401348116713,0.784558028585777,0.784558028585777,0.7853981633974483,False,False,False,False,False,True,12.0
interactive|clear_priority_crossing|t1|c0|weak|s0,interactive,,clear_priority_crossing,-0.5890486225480862,off_grid,-0.7853981633974483,weak,0,2026082800,16,exact,10,4,3,12,RECOVERED_READING,OK,4.0,True,-0.0035099085073726534,0.5855387140407136,0.5855387140407136,0.5890486225480862,False,False,False,False,False,True,12.0
interactive|clear_priority_crossing|t1|c0|weak|s1,interactive,,clear_priority_crossing,-0.5890486225480862,off_grid,-0.7853981633974483,weak,1,2026082801,16,exact,10,4,3,12,RECOVERED_READING,OK,4.0,True,0.07368707259241111,0.6627356951404973,0.6627356951404973,0.5890486225480862,False,False,False,False,False,True,12.0
interactive|clear_priority_crossing|t1|c0|weak|s2,interactive,,clear_priority_crossing,-0.5890486225480862,off_grid,-0.7853981633974483,weak,2,2026082802,16,exact,10,4,3,12,RECOVERED_READING,OK,4.0,True,-0.011854779860838102,0.5771938426872482,0.5771938426872482,0.5890486225480862,False,False,False,False,False,True,12.0
interactive|clear_priority_crossing|t1|c0|strong|s0,interactive,,clear_priority_crossing,-0.5890486225480862,off_grid,-0.7853981633974483,strong,0,2026082810,16,exact,10,4,3,12,RECOVERED_READING,OK,4.0,True,0.5250200906236315,1.1140687131717177,1.1140687131717177,0.5890486225480862,False,False,False,False,False,True,12.0
interactive|clear_priority_crossing|t1|c0|strong|s1,interactive,,clear_priority_crossing,-0.5890486225480862,off_grid,-0.7853981633974483,strong,1,2026082811,16,exact,10,4,3,12,RECOVERED_READING,OK,4.0,True,0.041630539464139166,0.6306791620122254,0.6306791620122254,0.5890486225480862,False,False,False,False,False,True,12.0
interactive|clear_priority_crossing|t1|c0|strong|s2,interactive,,clear_priority_crossing,-0.5890486225480862,off_grid,-0.7853981633974483,strong,2,2026082812,16,exact,10,4,3,12,RECOVERED_READING,OK,4.0,True,0.3731831584487831,0.9622317809968692,0.9622317809968692,0.5890486225480862,False,False,False,False,False,True,12.0
interactive|clear_priority_crossing|t1|c1|weak|s0,interactive,,clear_priority_crossing,-0.5890486225480862,off_grid,0.7853981633974483,weak,0,2026082820,16,exact,10,4,3,12,RECOVERED_READING,OK,4.0,True,-0.0005740964851221837,0.588474526062964,0.588474526062964,0.5890486225480862,False,False,False,False,False,True,12.0
interactive|clear_priority_crossing|t1|c1|weak|s1,interactive,,clear_priority_crossing,-0.5890486225480862,off_grid,0.7853981633974483,weak,1,2026082821,16,exact,10,4,3,12,RECOVERED_READING,OK,4.0,True,-0.0223624312177055,0.5666861913303807,0.5666861913303807,0.5890486225480862,False,False,False,False,False,True,12.0
interactive|clear_priority_crossing|t1|c1|weak|s2,interactive,,clear_priority_crossing,-0.5890486225480862,off_grid,0.7853981633974483,weak,2,2026082822,16,exact,10,4,3,12,RECOVERED_READING,OK,4.0,True,-0.00032309052199624684,0.58872553202609,0.58872553202609,0.5890486225480862,False,False,False,False,False,True,12.0
interactive|clear_priority_crossing|t1|c1|strong|s0,interactive,,clear_priority_crossing,-0.5890486225480862,off_grid,0.7853981633974483,strong,0,2026082830,16,exact,10,4,3,12,RECOVERED_READING,OK,4.0,True,-0.0024709379054250516,0.5865776846426611,0.5865776846426611,0.5890486225480862,False,False,False,False,False,True,12.0
interactive|clear_priority_crossing|t1|c1|strong|s1,interactive,,clear_priority_crossing,-0.5890486225480862,off_grid,0.7853981633974483,strong,1,2026082831,16,exact,10,4,3,12,RECOVERED_READING,OK,4.0,True,-0.005320210643074868,0.5837284119050113,0.5837284119050113,0.5890486225480862,False,False,False,False,False,True,12.0
interactive|clear_priority_crossing|t1|c1|strong|s2,interactive,,clear_priority_crossing,-0.5890486225480862,off_grid,0.7853981633974483,strong,2,2026082832,16,exact,10,4,3,12,RECOVERED_READING,OK,4.0,True,-0.00078540868182898,0.5882632138662572,0.5882632138662572,0.5890486225480862,False,False,False,False,False,True,12.0
interactive|clear_priority_crossing|t2|c0|weak|s0,interactive,,clear_priority_crossing,0.0,on_grid,-0.7853981633974483,weak,0,2026082800,16,exact,10,4,3,12,RECOVERED_READING,OK,4.0,True,0.01864218405089277,0.01864218405089277,0.01864218405089277,0.0,True,True,True,True,False,True,12.0
interactive|clear_priority_crossing|t2|c0|weak|s1,interactive,,clear_priority_crossing,0.0,on_grid,-0.7853981633974483,weak,1,2026082801,16,exact,10,4,3,12,RECOVERED_READING,OK,4.0,True,-0.005090194954522259,-0.005090194954522259,0.005090194954522259,0.0,True,True,True,True,False,True,12.0
interactive|clear_priority_crossing|t2|c0|weak|s2,interactive,,clear_priority_crossing,0.0,on_grid,-0.7853981633974483,weak,2,2026082802,16,exact,10,4,3,12,RECOVERED_READING,OK,4.0,True,0.002750606094066814,0.002750606094066814,0.002750606094066814,0.0,True,True,True,True,False,True,12.0
interactive|clear_priority_crossing|t2|c0|strong|s0,interactive,,clear_priority_crossing,0.0,on_grid,-0.7853981633974483,strong,0,2026082810,16,exact,10,4,3,12,RECOVERED_READING,OK,4.0,True,0.4540653788599846,0.4540653788599846,0.4540653788599846,0.0,False,False,True,True,False,True,12.0
interactive|clear_priority_crossing|t2|c0|strong|s1,interactive,,clear_priority_crossing,0.0,on_grid,-0.7853981633974483,strong,1,2026082811,16,exact,10,4,3,12,RECOVERED_READING,OK,4.0,True,0.09916121918311654,0.09916121918311654,0.09916121918311654,0.0,True,True,True,True,False,True,12.0
interactive|clear_priority_crossing|t2|c0|strong|s2,interactive,,clear_priority_crossing,0.0,on_grid,-0.7853981633974483,strong,2,2026082812,16,exact,10,4,3,12,RECOVERED_READING,OK,4.0,True,0.12208909759871951,0.12208909759871951,0.12208909759871951,0.0,True,True,True,True,False,True,12.0
interactive|clear_priority_crossing|t2|c1|weak|s0,interactive,,clear_priority_crossing,0.0,on_grid,0.7853981633974483,weak,0,2026082820,16,exact,10,4,3,12,RECOVERED_READING,OK,4.0,True,0.00036003413315780945,0.00036003413315780945,0.00036003413315780945,0.0,True,True,True,True,False,True,12.0
interactive|clear_priority_crossing|t2|c1|weak|s1,interactive,,clear_priority_crossing,0.0,on_grid,0.7853981633974483,weak,1,2026082821,16,exact,10,4,3,12,RECOVERED_READING,OK,4.0,True,-0.021088381432832357,-0.021088381432832357,0.021088381432832357,0.0,True,True,True,True,False,True,12.0
interactive|clear_priority_crossing|t2|c1|weak|s2,interactive,,clear_priority_crossing,0.0,on_grid,0.7853981633974483,weak,2,2026082822,16,exact,10,4,3,12,RECOVERED_READING,OK,4.0,True,0.0008923228049696579,0.0008923228049696579,0.0008923228049696579,0.0,True,True,True,True,False,True,12.0
interactive|clear_priority_crossing|t2|c1|strong|s0,interactive,,clear_priority_crossing,0.0,on_grid,0.7853981633974483,strong,0,2026082830,16,exact,10,4,3,12,RECOVERED_READING,OK,4.0,True,-0.0034531838187188673,-0.0034531838187188673,0.0034531838187188673,0.0,True,True,True,True,False,True,12.0
interactive|clear_priority_crossing|t2|c1|strong|s1,interactive,,clear_priority_crossing,0.0,on_grid,0.7853981633974483,strong,1,2026082831,16,exact,10,4,3,12,RECOVERED_READING,OK,4.0,True,-0.002790510150417958,-0.002790510150417958,0.002790510150417958,0.0,True,True,True,True,False,True,12.0
interactive|clear_priority_crossing|t2|c1|strong|s2,interactive,,clear_priority_crossing,0.0,on_grid,0.7853981633974483,strong,2,2026082832,16,exact,10,4,3,12,RECOVERED_READING,OK,4.0,True,-0.005870015518395067,-0.005870015518395067,0.005870015518395067,0.0,True,True,True,True,False,True,12.0
interactive|clear_priority_crossing|t3|c0|weak|s0,interactive,,clear_priority_crossing,0.5890486225480862,off_grid,-0.7853981633974483,weak,0,2026082800,16,exact,10,4,3,12,RECOVERED_READING,OK,4.0,True,-0.0011653748755500273,-0.5902139974236362,0.5902139974236362,0.5890486225480862,False,False,False,False,False,True,12.0
interactive|clear_priority_crossing|t3|c0|weak|s1,interactive,,clear_priority_crossing,0.5890486225480862,off_grid,-0.7853981633974483,weak,1,2026082801,16,exact,10,4,3,12,RECOVERED_READING,OK,4.0,True,-0.004539551212335592,-0.5935881737604218,0.5935881737604218,0.5890486225480862,False,False,False,False,False,True,12.0
interactive|clear_priority_crossing|t3|c0|weak|s2,interactive,,clear_priority_crossing,0.5890486225480862,off_grid,-0.7853981633974483,weak,2,2026082802,16,exact,10,4,3,12,RECOVERED_READING,OK,4.0,True,0.000404215440515407,-0.5886444071075708,0.5886444071075708,0.5890486225480862,False,False,False,False,False,True,12.0
interactive|clear_priority_crossing|t3|c0|strong|s0,interactive,,clear_priority_crossing,0.5890486225480862,off_grid,-0.7853981633974483,strong,0,2026082810,16,exact,10,4,3,12,RECOVERED_READING,OK,4.0,True,0.5551560652412806,-0.033892557306805626,0.033892557306805626,0.5890486225480862,True,True,False,False,False,True,12.0
interactive|clear_priority_crossing|t3|c0|strong|s1,interactive,,clear_priority_crossing,0.5890486225480862,off_grid,-0.7853981633974483,strong,1,2026082811,16,exact,10,4,3,12,RECOVERED_READING,OK,4.0,True,0.5871106595137783,-0.0019379630343079324,0.0019379630343079324,0.5890486225480862,True,True,False,False,False,True,12.0
interactive|clear_priority_crossing|t3|c0|strong|s2,interactive,,clear_priority_crossing,0.5890486225480862,off_grid,-0.7853981633974483,strong,2,2026082812,16,exact,10,4,3,12,RECOVERED_READING,OK,4.0,True,0.4019907456507299,-0.1870578768973563,0.1870578768973563,0.5890486225480862,True,True,False,False,False,True,12.0
interactive|clear_priority_crossing|t3|c1|weak|s0,interactive,,clear_priority_crossing,0.5890486225480862,off_grid,0.7853981633974483,weak,0,2026082820,16,exact,10,4,3,12,RECOVERED_READING,OK,4.0,True,-0.008309629330517238,-0.5973582518786035,0.5973582518786035,0.5890486225480862,False,False,False,False,False,True,12.0
interactive|clear_priority_crossing|t3|c1|weak|s1,interactive,,clear_priority_crossing,0.5890486225480862,off_grid,0.7853981633974483,weak,1,2026082821,16,exact,10,4,3,12,RECOVERED_READING,OK,4.0,True,-0.022379339760190763,-0.611427962308277,0.611427962308277,0.5890486225480862,False,False,False,False,False,True,12.0
interactive|clear_priority_crossing|t3|c1|weak|s2,interactive,,clear_priority_crossing,0.5890486225480862,off_grid,0.7853981633974483,weak,2,2026082822,16,exact,10,4,3,12,RECOVERED_READING,OK,4.0,True,0.003461422458169346,-0.5855872000899168,0.5855872000899168,0.5890486225480862,False,False,False,False,False,True,12.0
interactive|clear_priority_crossing|t3|c1|strong|s0,interactive,,clear_priority_crossing,0.5890486225480862,off_grid,0.7853981633974483,strong,0,2026082830,16,exact,10,4,3,12,RECOVERED_READING,OK,4.0,True,0.0931063526431504,-0.49594226990493584,0.49594226990493584,0.5890486225480862,False,False,False,False,False,True,12.0
interactive|clear_priority_crossing|t3|c1|strong|s1,interactive,,clear_priority_crossing,0.5890486225480862,off_grid,0.7853981633974483,strong,1,2026082831,16,exact,10,4,3,12,RECOVERED_READING,OK,4.0,True,0.128753357335412,-0.4602952652126742,0.4602952652126742,0.5890486225480862,False,False,False,False,False,True,12.0
interactive|clear_priority_crossing|t3|c1|strong|s2,interactive,,clear_priority_crossing,0.5890486225480862,off_grid,0.7853981633974483,strong,2,2026082832,16,exact,10,4,3,12,RECOVERED_READING,OK,4.0,True,0.02208403423359942,-0.5669645883144868,0.5669645883144868,0.5890486225480862,False,False,False,False,False,True,12.0
interactive|clear_priority_crossing|t4|c0|weak|s0,interactive,,clear_priority_crossing,0.7853981633974483,on_grid,-0.7853981633974483,weak,0,2026082800,16,exact,10,4,3,12,RECOVERED_READING,OK,4.0,True,0.20873654929358673,-0.5766616141038615,0.5766616141038615,0.7853981633974483,False,False,False,False,False,True,12.0
interactive|clear_priority_crossing|t4|c0|weak|s1,interactive,,clear_priority_crossing,0.7853981633974483,on_grid,-0.7853981633974483,weak,1,2026082801,16,exact,10,4,3,12,RECOVERED_READING,OK,4.0,True,-0.016474055022519675,-0.8018722184199679,0.8018722184199679,0.7853981633974483,False,False,False,False,False,True,12.0
interactive|clear_priority_crossing|t4|c0|weak|s2,interactive,,clear_priority_crossing,0.7853981633974483,on_grid,-0.7853981633974483,weak,2,2026082802,16,exact,10,4,3,12,RECOVERED_READING,OK,4.0,True,0.005693727659033904,-0.7797044357384144,0.7797044357384144,0.7853981633974483,False,False,False,False,False,True,12.0
interactive|clear_priority_crossing|t4|c0|strong|s0,interactive,,clear_priority_crossing,0.7853981633974483,on_grid,-0.7853981633974483,strong,0,2026082810,16,exact,10,4,3,12,RECOVERED_READING,OK,4.0,True,0.5913727336838613,-0.19402542971358694,0.19402542971358694,0.7853981633974483,True,True,False,False,False,True,12.0
interactive|clear_priority_crossing|t4|c0|strong|s1,interactive,,clear_priority_crossing,0.7853981633974483,on_grid,-0.7853981633974483,strong,1,2026082811,16,exact,10,4,3,12,RECOVERED_READING,OK,4.0,True,0.5871219982238175,-0.19827616517363078,0.19827616517363078,0.7853981633974483,False,True,False,False,False,True,12.0
interactive|clear_priority_crossing|t4|c0|strong|s2,interactive,,clear_priority_crossing,0.7853981633974483,on_grid,-0.7853981633974483,strong,2,2026082812,16,exact,10,4,3,12,RECOVERED_READING,OK,4.0,True,0.4013587630174906,-0.38403940037995765,0.38403940037995765,0.7853981633974483,False,True,False,False,False,True,12.0
interactive|clear_priority_crossing|t4|c1|weak|s0,interactive,,clear_priority_crossing,0.7853981633974483,on_grid,0.7853981633974483,weak,0,2026082820,16,exact,10,4,3,12,RECOVERED_READING,OK,4.0,True,-0.006690191064461366,-0.7920883544619096,0.7920883544619096,0.7853981633974483,False,False,False,False,False,True,12.0
interactive|clear_priority_crossing|t4|c1|weak|s1,interactive,,clear_priority_crossing,0.7853981633974483,on_grid,0.7853981633974483,weak,1,2026082821,16,exact,10,4,3,12,RECOVERED_READING,OK,4.0,True,0.02583801541736798,-0.7595601479800803,0.7595601479800803,0.7853981633974483,False,False,False,False,False,True,12.0
interactive|clear_priority_crossing|t4|c1|weak|s2,interactive,,clear_priority_crossing,0.7853981633974483,on_grid,0.7853981633974483,weak,2,2026082822,16,exact,10,4,3,12,RECOVERED_READING,OK,4.0,True,-0.001801025353379592,-0.7871991887508278,0.7871991887508278,0.7853981633974483,False,False,False,False,False,True,12.0
interactive|clear_priority_crossing|t4|c1|strong|s0,interactive,,clear_priority_crossing,0.7853981633974483,on_grid,0.7853981633974483,strong,0,2026082830,16,exact,10,4,3,12,RECOVERED_READING,OK,4.0,True,0.203639098623551,-0.5817590647738973,0.5817590647738973,0.7853981633974483,False,False,False,False,False,True,12.0
interactive|clear_priority_crossing|t4|c1|strong|s1,interactive,,clear_priority_crossing,0.7853981633974483,on_grid,0.7853981633974483,strong,1,2026082831,16,exact,10,4,3,12,RECOVERED_READING,OK,4.0,True,0.2828435847632044,-0.5025545786342438,0.5025545786342438,0.7853981633974483,False,False,False,False,False,True,12.0
interactive|clear_priority_crossing|t4|c1|strong|s2,interactive,,clear_priority_crossing,0.7853981633974483,on_grid,0.7853981633974483,strong,2,2026082832,16,exact,10,4,3,12,RECOVERED_READING,OK,4.0,True,0.06351399056056527,-0.721884172836883,0.721884172836883,0.7853981633974483,False,False,False,False,False,True,12.0
interactive|ambiguous_priority_crossing|t0|c0|weak|s0,interactive,,ambiguous_priority_crossing,-0.7853981633974483,on_grid,-0.7853981633974483,weak,0,2026082900,16,exact,10,4,3,12,RECOVERED_READING,OK,4.0,True,0.6642714097103438,1.449669573107792,1.449669573107792,0.7853981633974483,False,False,False,False,False,True,12.0
interactive|ambiguous_priority_crossing|t0|c0|weak|s1,interactive,,ambiguous_priority_crossing,-0.7853981633974483,on_grid,-0.7853981633974483,weak,1,2026082901,16,exact,10,4,3,12,RECOVERED_READING,OK,4.0,True,0.759958491278054,1.5453566546755022,1.5453566546755022,0.7853981633974483,False,False,False,False,False,True,12.0
interactive|ambiguous_priority_crossing|t0|c0|weak|s2,interactive,,ambiguous_priority_crossing,-0.7853981633974483,on_grid,-0.7853981633974483,weak,2,2026082902,16,exact,10,4,3,12,RECOVERED_READING,OK,4.0,True,0.7013777525336995,1.4867759159311478,1.4867759159311478,0.7853981633974483,False,False,False,False,False,True,12.0
interactive|ambiguous_priority_crossing|t0|c0|strong|s0,interactive,,ambiguous_priority_crossing,-0.7853981633974483,on_grid,-0.7853981633974483,strong,0,2026082910,16,exact,10,4,3,12,RECOVERED_READING,OK,4.0,True,0.8165211384798081,1.6019193018772564,1.6019193018772564,0.7853981633974483,False,False,False,False,False,True,12.0
interactive|ambiguous_priority_crossing|t0|c0|strong|s1,interactive,,ambiguous_priority_crossing,-0.7853981633974483,on_grid,-0.7853981633974483,strong,1,2026082911,16,exact,10,4,3,12,RECOVERED_READING,OK,4.0,True,0.783864507235043,1.5692626706324913,1.5692626706324913,0.7853981633974483,False,False,False,False,False,True,12.0
interactive|ambiguous_priority_crossing|t0|c0|strong|s2,interactive,,ambiguous_priority_crossing,-0.7853981633974483,on_grid,-0.7853981633974483,strong,2,2026082912,16,exact,10,4,3,12,RECOVERED_READING,OK,4.0,True,0.6004436466853393,1.3858418100827876,1.3858418100827876,0.7853981633974483,False,False,False,False,False,True,12.0
interactive|ambiguous_priority_crossing|t0|c1|weak|s0,interactive,,ambiguous_priority_crossing,-0.7853981633974483,on_grid,0.7853981633974483,weak,0,2026082920,16,exact,10,4,3,12,RECOVERED_READING,OK,4.0,True,0.7809039349583862,1.5663020983558344,1.5663020983558344,0.7853981633974483,False,False,False,False,False,True,12.0
interactive|ambiguous_priority_crossing|t0|c1|weak|s1,interactive,,ambiguous_priority_crossing,-0.7853981633974483,on_grid,0.7853981633974483,weak,1,2026082921,16,exact,10,4,3,12,RECOVERED_READING,OK,4.0,True,0.6780675998017094,1.4634657631991577,1.4634657631991577,0.7853981633974483,False,False,False,False,False,True,12.0
interactive|ambiguous_priority_crossing|t0|c1|weak|s2,interactive,,ambiguous_priority_crossing,-0.7853981633974483,on_grid,0.7853981633974483,weak,2,2026082922,16,exact,10,4,3,12,RECOVERED_READING,OK,4.0,True,0.7133778335060404,1.4987759969034888,1.4987759969034888,0.7853981633974483,False,False,False,False,False,True,12.0
interactive|ambiguous_priority_crossing|t0|c1|strong|s0,interactive,,ambiguous_priority_crossing,-0.7853981633974483,on_grid,0.7853981633974483,strong,0,2026082930,16,exact,10,4,3,12,RECOVERED_READING,OK,4.0,True,-0.003200321013563569,0.7821978423838847,0.7821978423838847,0.7853981633974483,False,False,False,False,False,True,12.0
interactive|ambiguous_priority_crossing|t0|c1|strong|s1,interactive,,ambiguous_priority_crossing,-0.7853981633974483,on_grid,0.7853981633974483,strong,1,2026082931,16,exact,10,4,3,12,RECOVERED_READING,OK,4.0,True,-0.0010252928599160944,0.7843728705375321,0.7843728705375321,0.7853981633974483,False,False,False,False,False,True,12.0
interactive|ambiguous_priority_crossing|t0|c1|strong|s2,interactive,,ambiguous_priority_crossing,-0.7853981633974483,on_grid,0.7853981633974483,strong,2,2026082932,16,exact,10,4,3,12,RECOVERED_READING,OK,4.0,True,-0.00011078777684735719,0.7852873756206009,0.7852873756206009,0.7853981633974483,False,False,False,False,False,True,12.0
interactive|ambiguous_priority_crossing|t1|c0|weak|s0,interactive,,ambiguous_priority_crossing,-0.5890486225480862,off_grid,-0.7853981633974483,weak,0,2026082900,16,exact,10,4,3,12,RECOVERED_READING,OK,4.0,True,0.5951627807768818,1.184211403324968,1.184211403324968,0.5890486225480862,False,False,False,False,False,True,12.0
interactive|ambiguous_priority_crossing|t1|c0|weak|s1,interactive,,ambiguous_priority_crossing,-0.5890486225480862,off_grid,-0.7853981633974483,weak,1,2026082901,16,exact,10,4,3,12,RECOVERED_READING,OK,4.0,True,0.7410047189044355,1.3300533414525217,1.3300533414525217,0.5890486225480862,False,False,False,False,False,True,12.0
interactive|ambiguous_priority_crossing|t1|c0|weak|s2,interactive,,ambiguous_priority_crossing,-0.5890486225480862,off_grid,-0.7853981633974483,weak,2,2026082902,16,exact,10,4,3,12,RECOVERED_READING,OK,4.0,True,0.7137500358730808,1.302798658421167,1.302798658421167,0.5890486225480862,False,False,False,False,False,True,12.0
interactive|ambiguous_priority_crossing|t1|c0|strong|s0,interactive,,ambiguous_priority_crossing,-0.5890486225480862,off_grid,-0.7853981633974483,strong,0,2026082910,16,exact,10,4,3,12,RECOVERED_READING,OK,4.0,True,0.8122336520434008,1.401282274591487,1.401282274591487,0.5890486225480862,False,False,False,False,False,True,12.0
interactive|ambiguous_priority_crossing|t1|c0|strong|s1,interactive,,ambiguous_priority_crossing,-0.5890486225480862,off_grid,-0.7853981633974483,strong,1,2026082911,16,exact,10,4,3,12,RECOVERED_READING,OK,4.0,True,0.7841459156081916,1.3731945381562778,1.3731945381562778,0.5890486225480862,False,False,False,False,False,True,12.0
interactive|ambiguous_priority_crossing|t1|c0|strong|s2,interactive,,ambiguous_priority_crossing,-0.5890486225480862,off_grid,-0.7853981633974483,strong,2,2026082912,16,exact,10,4,3,12,RECOVERED_READING,OK,4.0,True,0.7832300690690184,1.3722786916171046,1.3722786916171046,0.5890486225480862,False,False,False,False,False,True,12.0
interactive|ambiguous_priority_crossing|t1|c1|weak|s0,interactive,,ambiguous_priority_crossing,-0.5890486225480862,off_grid,0.7853981633974483,weak,0,2026082920,16,exact,10,4,3,12,RECOVERED_READING,OK,4.0,True,0.7803307351123241,1.3693793576604103,1.3693793576604103,0.5890486225480862,False,False,False,False,False,True,12.0
interactive|ambiguous_priority_crossing|t1|c1|weak|s1,interactive,,ambiguous_priority_crossing,-0.5890486225480862,off_grid,0.7853981633974483,weak,1,2026082921,16,exact,10,4,3,12,RECOVERED_READING,OK,4.0,True,0.7589316319058959,1.347980254453982,1.347980254453982,0.5890486225480862,False,False,False,False,False,True,12.0
interactive|ambiguous_priority_crossing|t1|c1|weak|s2,interactive,,ambiguous_priority_crossing,-0.5890486225480862,off_grid,0.7853981633974483,weak,2,2026082922,16,exact,10,4,3,12,RECOVERED_READING,OK,4.0,True,0.49938832636454455,1.0884369489126309,1.0884369489126309,0.5890486225480862,False,False,False,False,False,True,12.0
interactive|ambiguous_priority_crossing|t1|c1|strong|s0,interactive,,ambiguous_priority_crossing,-0.5890486225480862,off_grid,0.7853981633974483,strong,0,2026082930,16,exact,10,4,3,12,RECOVERED_READING,OK,4.0,True,-0.005057165275295892,0.5839914572727903,0.5839914572727903,0.5890486225480862,False,False,False,False,False,True,12.0
interactive|ambiguous_priority_crossing|t1|c1|strong|s1,interactive,,ambiguous_priority_crossing,-0.5890486225480862,off_grid,0.7853981633974483,strong,1,2026082931,16,exact,10,4,3,12,RECOVERED_READING,OK,4.0,True,-0.0005039238134377492,0.5885446987346484,0.5885446987346484,0.5890486225480862,False,False,False,False,False,True,12.0
interactive|ambiguous_priority_crossing|t1|c1|strong|s2,interactive,,ambiguous_priority_crossing,-0.5890486225480862,off_grid,0.7853981633974483,strong,2,2026082932,16,exact,10,4,3,12,RECOVERED_READING,OK,4.0,True,-0.0021057096853675478,0.5869429128627187,0.5869429128627187,0.5890486225480862,False,False,False,False,False,True,12.0
interactive|ambiguous_priority_crossing|t2|c0|weak|s0,interactive,,ambiguous_priority_crossing,0.0,on_grid,-0.7853981633974483,weak,0,2026082900,16,exact,10,4,3,12,RECOVERED_READING,OK,4.0,True,0.5625088341187672,0.5625088341187672,0.5625088341187672,0.0,False,False,True,True,False,True,12.0
interactive|ambiguous_priority_crossing|t2|c0|weak|s1,interactive,,ambiguous_priority_crossing,0.0,on_grid,-0.7853981633974483,weak,1,2026082901,16,exact,10,4,3,12,RECOVERED_READING,OK,4.0,True,0.6735714200392974,0.6735714200392974,0.6735714200392974,0.0,False,False,True,True,False,True,12.0
interactive|ambiguous_priority_crossing|t2|c0|weak|s2,interactive,,ambiguous_priority_crossing,0.0,on_grid,-0.7853981633974483,weak,2,2026082902,16,exact,10,4,3,12,RECOVERED_READING,OK,4.0,True,0.7394840215797047,0.7394840215797047,0.7394840215797047,0.0,False,False,True,True,False,True,12.0
interactive|ambiguous_priority_crossing|t2|c0|strong|s0,interactive,,ambiguous_priority_crossing,0.0,on_grid,-0.7853981633974483,strong,0,2026082910,16,exact,10,4,3,12,RECOVERED_READING,OK,4.0,True,0.7773985821472802,0.7773985821472802,0.7773985821472802,0.0,False,False,True,True,False,True,12.0
interactive|ambiguous_priority_crossing|t2|c0|strong|s1,interactive,,ambiguous_priority_crossing,0.0,on_grid,-0.7853981633974483,strong,1,2026082911,16,exact,10,4,3,12,RECOVERED_READING,OK,4.0,True,0.7783268465711801,0.7783268465711801,0.7783268465711801,0.0,False,False,True,True,False,True,12.0
interactive|ambiguous_priority_crossing|t2|c0|strong|s2,interactive,,ambiguous_priority_crossing,0.0,on_grid,-0.7853981633974483,strong,2,2026082912,16,exact,10,4,3,12,RECOVERED_READING,OK,4.0,True,0.73343617852017,0.73343617852017,0.73343617852017,0.0,False,False,True,True,False,True,12.0
interactive|ambiguous_priority_crossing|t2|c1|weak|s0,interactive,,ambiguous_priority_crossing,0.0,on_grid,0.7853981633974483,weak,0,2026082920,16,exact,10,4,3,12,RECOVERED_READING,OK,4.0,True,0.7773060376256142,0.7773060376256142,0.7773060376256142,0.0,False,False,True,True,False,True,12.0
interactive|ambiguous_priority_crossing|t2|c1|weak|s1,interactive,,ambiguous_priority_crossing,0.0,on_grid,0.7853981633974483,weak,1,2026082921,16,exact,10,4,3,12,RECOVERED_READING,OK,4.0,True,0.766312048652865,0.766312048652865,0.766312048652865,0.0,False,False,True,True,False,True,12.0
interactive|ambiguous_priority_crossing|t2|c1|weak|s2,interactive,,ambiguous_priority_crossing,0.0,on_grid,0.7853981633974483,weak,2,2026082922,16,exact,10,4,3,12,RECOVERED_READING,OK,4.0,True,0.7816995602999289,0.7816995602999289,0.7816995602999289,0.0,False,False,True,True,False,True,12.0
interactive|ambiguous_priority_crossing|t2|c1|strong|s0,interactive,,ambiguous_priority_crossing,0.0,on_grid,0.7853981633974483,strong,0,2026082930,16,exact,10,4,3,12,RECOVERED_READING,OK,4.0,True,0.07190838349477387,0.07190838349477387,0.07190838349477387,0.0,True,True,True,True,False,True,12.0
interactive|ambiguous_priority_crossing|t2|c1|strong|s1,interactive,,ambiguous_priority_crossing,0.0,on_grid,0.7853981633974483,strong,1,2026082931,16,exact,10,4,3,12,RECOVERED_READING,OK,4.0,True,0.1830347365141028,0.1830347365141028,0.1830347365141028,0.0,True,True,True,True,False,True,12.0
interactive|ambiguous_priority_crossing|t2|c1|strong|s2,interactive,,ambiguous_priority_crossing,0.0,on_grid,0.7853981633974483,strong,2,2026082932,16,exact,10,4,3,12,RECOVERED_READING,OK,4.0,True,0.06092251115116379,0.06092251115116379,0.06092251115116379,0.0,True,True,True,True,False,True,12.0
interactive|ambiguous_priority_crossing|t3|c0|weak|s0,interactive,,ambiguous_priority_crossing,0.5890486225480862,off_grid,-0.7853981633974483,weak,0,2026082900,16,exact,10,4,3,12,RECOVERED_READING,OK,4.0,True,0.5647395732917775,-0.024309049256308723,0.024309049256308723,0.5890486225480862,True,True,False,False,False,True,12.0
interactive|ambiguous_priority_crossing|t3|c0|weak|s1,interactive,,ambiguous_priority_crossing,0.5890486225480862,off_grid,-0.7853981633974483,weak,1,2026082901,16,exact,10,4,3,12,RECOVERED_READING,OK,4.0,True,0.7258201602916347,0.13677153774354844,0.13677153774354844,0.5890486225480862,True,True,False,False,False,True,12.0
interactive|ambiguous_priority_crossing|t3|c0|weak|s2,interactive,,ambiguous_priority_crossing,0.5890486225480862,off_grid,-0.7853981633974483,weak,2,2026082902,16,exact,10,4,3,12,RECOVERED_READING,OK,4.0,True,0.7853857257802801,0.1963371032321939,0.1963371032321939,0.5890486225480862,True,True,False,False,False,True,12.0
interactive|ambiguous_priority_crossing|t3|c0|strong|s0,interactive,,ambiguous_priority_crossing,0.5890486225480862,off_grid,-0.7853981633974483,strong,0,2026082910,16,exact,10,4,3,12,RECOVERED_READING,OK,4.0,True,0.8065819371417773,0.21753331459369107,0.21753331459369107,0.5890486225480862,False,True,False,False,False,True,11.0
interactive|ambiguous_priority_crossing|t3|c0|strong|s1,interactive,,ambiguous_priority_crossing,0.5890486225480862,off_grid,-0.7853981633974483,strong,1,2026082911,16,exact,10,4,3,12,RECOVERED_READING,OK,4.0,True,0.6475316754115629,0.05848305286347666,0.05848305286347666,0.5890486225480862,True,True,False,False,False,True,12.0
interactive|ambiguous_priority_crossing|t3|c0|strong|s2,interactive,,ambiguous_priority_crossing,0.5890486225480862,off_grid,-0.7853981633974483,strong,2,2026082912,16,exact,10,4,3,12,RECOVERED_READING,OK,4.0,True,0.7815676033820699,0.19251898083398367,0.19251898083398367,0.5890486225480862,True,True,False,False,False,True,11.0
interactive|ambiguous_priority_crossing|t3|c1|weak|s0,interactive,,ambiguous_priority_crossing,0.5890486225480862,off_grid,0.7853981633974483,weak,0,2026082920,16,exact,10,4,3,12,RECOVERED_READING,OK,4.0,True,0.7812173418116357,0.1921687192635495,0.1921687192635495,0.5890486225480862,True,True,False,False,False,True,12.0
interactive|ambiguous_priority_crossing|t3|c1|weak|s1,interactive,,ambiguous_priority_crossing,0.5890486225480862,off_grid,0.7853981633974483,weak,1,2026082921,16,exact,10,4,3,12,RECOVERED_READING,OK,4.0,True,0.7354892674568023,0.1464406449087161,0.1464406449087161,0.5890486225480862,True,True,False,False,False,True,12.0
interactive|ambiguous_priority_crossing|t3|c1|weak|s2,interactive,,ambiguous_priority_crossing,0.5890486225480862,off_grid,0.7853981633974483,weak,2,2026082922,16,exact,10,4,3,12,RECOVERED_READING,OK,4.0,True,0.7792115005522264,0.19016287800414022,0.19016287800414022,0.5890486225480862,True,True,False,False,False,True,12.0
interactive|ambiguous_priority_crossing|t3|c1|strong|s0,interactive,,ambiguous_priority_crossing,0.5890486225480862,off_grid,0.7853981633974483,strong,0,2026082930,16,exact,10,4,3,12,RECOVERED_READING,OK,4.0,True,0.5608362839957044,-0.02821233855238181,0.02821233855238181,0.5890486225480862,True,True,False,False,False,True,12.0
interactive|ambiguous_priority_crossing|t3|c1|strong|s1,interactive,,ambiguous_priority_crossing,0.5890486225480862,off_grid,0.7853981633974483,strong,1,2026082931,16,exact,10,4,3,12,RECOVERED_READING,OK,4.0,True,0.7514364441913073,0.16238782164322108,0.16238782164322108,0.5890486225480862,True,True,False,False,False,True,12.0
interactive|ambiguous_priority_crossing|t3|c1|strong|s2,interactive,,ambiguous_priority_crossing,0.5890486225480862,off_grid,0.7853981633974483,strong,2,2026082932,16,exact,10,4,3,12,RECOVERED_READING,OK,4.0,True,0.7587139814054037,0.16966535885731748,0.16966535885731748,0.5890486225480862,True,True,False,False,False,True,12.0
interactive|ambiguous_priority_crossing|t4|c0|weak|s0,interactive,,ambiguous_priority_crossing,0.7853981633974483,on_grid,-0.7853981633974483,weak,0,2026082900,16,exact,10,4,3,12,RECOVERED_READING,OK,4.0,True,0.5647564270911849,-0.22064173630626338,0.22064173630626338,0.7853981633974483,False,True,False,False,False,True,12.0
interactive|ambiguous_priority_crossing|t4|c0|weak|s1,interactive,,ambiguous_priority_crossing,0.7853981633974483,on_grid,-0.7853981633974483,weak,1,2026082901,16,exact,10,4,3,12,RECOVERED_READING,OK,4.0,True,0.7310727558860882,-0.05432540751136006,0.05432540751136006,0.7853981633974483,True,True,False,False,False,True,12.0
interactive|ambiguous_priority_crossing|t4|c0|weak|s2,interactive,,ambiguous_priority_crossing,0.7853981633974483,on_grid,-0.7853981633974483,weak,2,2026082902,16,exact,10,4,3,12,RECOVERED_READING,OK,4.0,True,0.7853895246856392,-8.638711809116906e-06,8.638711809116906e-06,0.7853981633974483,True,True,False,False,False,True,12.0
interactive|ambiguous_priority_crossing|t4|c0|strong|s0,interactive,,ambiguous_priority_crossing,0.7853981633974483,on_grid,-0.7853981633974483,strong,0,2026082910,16,exact,10,4,3,12,RECOVERED_READING,OK,4.0,True,0.6522058182030371,-0.13319234519441114,0.13319234519441114,0.7853981633974483,True,True,False,False,False,True,12.0
interactive|ambiguous_priority_crossing|t4|c0|strong|s1,interactive,,ambiguous_priority_crossing,0.7853981633974483,on_grid,-0.7853981633974483,strong,1,2026082911,16,exact,10,4,3,12,RECOVERED_READING,OK,4.0,True,0.6213705674468257,-0.16402759595062255,0.16402759595062255,0.7853981633974483,True,True,False,False,False,True,12.0
interactive|ambiguous_priority_crossing|t4|c0|strong|s2,interactive,,ambiguous_priority_crossing,0.7853981633974483,on_grid,-0.7853981633974483,strong,2,2026082912,16,exact,10,4,3,12,RECOVERED_READING,OK,4.0,True,0.752877317627939,-0.03252084576950931,0.03252084576950931,0.7853981633974483,True,True,False,False,False,True,12.0
interactive|ambiguous_priority_crossing|t4|c1|weak|s0,interactive,,ambiguous_priority_crossing,0.7853981633974483,on_grid,0.7853981633974483,weak,0,2026082920,16,exact,10,4,3,12,RECOVERED_READING,OK,4.0,True,0.7739444208804223,-0.011453742517026022,0.011453742517026022,0.7853981633974483,True,True,False,False,False,True,12.0
interactive|ambiguous_priority_crossing|t4|c1|weak|s1,interactive,,ambiguous_priority_crossing,0.7853981633974483,on_grid,0.7853981633974483,weak,1,2026082921,16,exact,10,4,3,12,RECOVERED_READING,OK,4.0,True,0.6918449458665437,-0.09355321753090462,0.09355321753090462,0.7853981633974483,True,True,False,False,False,True,12.0
interactive|ambiguous_priority_crossing|t4|c1|weak|s2,interactive,,ambiguous_priority_crossing,0.7853981633974483,on_grid,0.7853981633974483,weak,2,2026082922,16,exact,10,4,3,12,RECOVERED_READING,OK,4.0,True,0.7852154286659924,-0.00018273473145591357,0.00018273473145591357,0.7853981633974483,True,True,False,False,False,True,12.0
interactive|ambiguous_priority_crossing|t4|c1|strong|s0,interactive,,ambiguous_priority_crossing,0.7853981633974483,on_grid,0.7853981633974483,strong,0,2026082930,16,exact,10,4,3,12,RECOVERED_READING,OK,4.0,True,0.7328714877782385,-0.05252667561920976,0.05252667561920976,0.7853981633974483,True,True,False,False,False,True,12.0
interactive|ambiguous_priority_crossing|t4|c1|strong|s1,interactive,,ambiguous_priority_crossing,0.7853981633974483,on_grid,0.7853981633974483,strong,1,2026082931,16,exact,10,4,3,12,RECOVERED_READING,OK,4.0,True,0.7764458206881071,-0.008952342709341199,0.008952342709341199,0.7853981633974483,True,True,False,False,False,True,12.0
interactive|ambiguous_priority_crossing|t4|c1|strong|s2,interactive,,ambiguous_priority_crossing,0.7853981633974483,on_grid,0.7853981633974483,strong,2,2026082932,16,exact,10,4,3,12,RECOVERED_READING,OK,4.0,True,0.7852958924873472,-0.00010227091010106548,0.00010227091010106548,0.7853981633974483,True,True,False,False,False,True,12.0
interactive|merge|t0|c0|weak|s0,interactive,,merge,-0.7853981633974483,on_grid,-0.7853981633974483,weak,0,2026083000,16,exact,10,4,3,12,RECOVERED_READING,OK,4.0,True,-0.4087855087280756,0.37661265466937266,0.37661265466937266,0.7853981633974483,False,True,False,False,False,True,12.0
interactive|merge|t0|c0|weak|s1,interactive,,merge,-0.7853981633974483,on_grid,-0.7853981633974483,weak,1,2026083001,16,exact,10,4,3,12,RECOVERED_READING,OK,4.0,True,-0.4040101663684419,0.3813879970290064,0.3813879970290064,0.7853981633974483,False,True,False,False,False,True,12.0
interactive|merge|t0|c0|weak|s2,interactive,,merge,-0.7853981633974483,on_grid,-0.7853981633974483,weak,2,2026083002,16,exact,10,4,3,12,RECOVERED_READING,OK,4.0,True,-0.3968887526936613,0.388509410703787,0.388509410703787,0.7853981633974483,False,True,False,False,False,True,12.0
interactive|merge|t0|c0|strong|s0,interactive,,merge,-0.7853981633974483,on_grid,-0.7853981633974483,strong,0,2026083010,16,exact,10,4,3,12,RECOVERED_READING,OK,4.0,True,0.06018725732472908,0.8455854207221773,0.8455854207221773,0.7853981633974483,False,False,False,False,False,True,12.0
interactive|merge|t0|c0|strong|s1,interactive,,merge,-0.7853981633974483,on_grid,-0.7853981633974483,strong,1,2026083011,16,exact,10,4,3,12,RECOVERED_READING,OK,4.0,True,0.7400833568925339,1.5254815202899823,1.5254815202899823,0.7853981633974483,False,False,False,False,False,True,12.0
interactive|merge|t0|c0|strong|s2,interactive,,merge,-0.7853981633974483,on_grid,-0.7853981633974483,strong,2,2026083012,16,exact,10,4,3,12,RECOVERED_READING,OK,4.0,True,0.6182299618404279,1.4036281252378762,1.4036281252378762,0.7853981633974483,False,False,False,False,False,True,12.0
interactive|merge|t0|c1|weak|s0,interactive,,merge,-0.7853981633974483,on_grid,0.7853981633974483,weak,0,2026083020,16,exact,10,4,3,12,RECOVERED_READING,OK,4.0,True,0.12827647293437924,0.9136746363318275,0.9136746363318275,0.7853981633974483,False,False,False,False,False,True,12.0
interactive|merge|t0|c1|weak|s1,interactive,,merge,-0.7853981633974483,on_grid,0.7853981633974483,weak,1,2026083021,16,exact,10,4,3,12,RECOVERED_READING,OK,4.0,True,0.1266844194771699,0.9120825828746182,0.9120825828746182,0.7853981633974483,False,False,False,False,False,True,12.0
interactive|merge|t0|c1|weak|s2,interactive,,merge,-0.7853981633974483,on_grid,0.7853981633974483,weak,2,2026083022,16,exact,10,4,3,12,RECOVERED_READING,OK,4.0,True,0.1250595260436796,0.9104576894411278,0.9104576894411278,0.7853981633974483,False,False,False,False,False,True,12.0
interactive|merge|t0|c1|strong|s0,interactive,,merge,-0.7853981633974483,on_grid,0.7853981633974483,strong,0,2026083030,16,exact,10,4,3,12,RECOVERED_READING,OK,4.0,True,0.04052016306191588,0.8259183264593641,0.8259183264593641,0.7853981633974483,False,False,False,False,False,True,11.0
interactive|merge|t0|c1|strong|s1,interactive,,merge,-0.7853981633974483,on_grid,0.7853981633974483,strong,1,2026083031,16,exact,10,4,3,12,RECOVERED_READING,OK,4.0,True,0.055975957517487115,0.8413741209149354,0.8413741209149354,0.7853981633974483,False,False,False,False,False,True,10.0
interactive|merge|t0|c1|strong|s2,interactive,,merge,-0.7853981633974483,on_grid,0.7853981633974483,strong,2,2026083032,16,exact,10,4,3,12,RECOVERED_READING,OK,4.0,True,0.05039502606135904,0.8357931894588073,0.8357931894588073,0.7853981633974483,False,False,False,False,False,True,10.0
interactive|merge|t1|c0|weak|s0,interactive,,merge,-0.5890486225480862,off_grid,-0.7853981633974483,weak,0,2026083000,16,exact,10,4,3,12,RECOVERED_READING,OK,4.0,True,-0.40281253442728715,0.18623608812079906,0.18623608812079906,0.5890486225480862,True,True,False,False,False,True,12.0
interactive|merge|t1|c0|weak|s1,interactive,,merge,-0.5890486225480862,off_grid,-0.7853981633974483,weak,1,2026083001,16,exact,10,4,3,12,RECOVERED_READING,OK,4.0,True,-0.40453403327351745,0.18451458927456876,0.18451458927456876,0.5890486225480862,True,True,False,False,False,True,12.0
interactive|merge|t1|c0|weak|s2,interactive,,merge,-0.5890486225480862,off_grid,-0.7853981633974483,weak,2,2026083002,16,exact,10,4,3,12,RECOVERED_READING,OK,4.0,True,-0.39691314255162213,0.19213547999646408,0.19213547999646408,0.5890486225480862,True,True,False,False,False,True,12.0
interactive|merge|t1|c0|strong|s0,interactive,,merge,-0.5890486225480862,off_grid,-0.7853981633974483,strong,0,2026083010,16,exact,10,4,3,12,RECOVERED_READING,OK,4.0,True,0.06018725732472908,0.6492358798728153,0.6492358798728153,0.5890486225480862,False,False,False,False,False,True,12.0
interactive|merge|t1|c0|strong|s1,interactive,,merge,-0.5890486225480862,off_grid,-0.7853981633974483,strong,1,2026083011,16,exact,10,4,3,12,RECOVERED_READING,OK,4.0,True,0.7326982427792232,1.3217468653273095,1.3217468653273095,0.5890486225480862,False,False,False,False,False,True,12.0
interactive|merge|t1|c0|strong|s2,interactive,,merge,-0.5890486225480862,off_grid,-0.7853981633974483,strong,2,2026083012,16,exact,10,4,3,12,RECOVERED_READING,OK,4.0,True,0.6025964549302281,1.1916450774783143,1.1916450774783143,0.5890486225480862,False,False,False,False,False,True,12.0
interactive|merge|t1|c1|weak|s0,interactive,,merge,-0.5890486225480862,off_grid,0.7853981633974483,weak,0,2026083020,16,exact,10,4,3,12,RECOVERED_READING,OK,4.0,True,0.12573278758919826,0.7147814101372845,0.7147814101372845,0.5890486225480862,False,False,False,False,False,True,12.0
interactive|merge|t1|c1|weak|s1,interactive,,merge,-0.5890486225480862,off_grid,0.7853981633974483,weak,1,2026083021,16,exact,10,4,3,12,RECOVERED_READING,OK,4.0,True,0.12584594896304055,0.7148945715111268,0.7148945715111268,0.5890486225480862,False,False,False,False,False,True,12.0
interactive|merge|t1|c1|weak|s2,interactive,,merge,-0.5890486225480862,off_grid,0.7853981633974483,weak,2,2026083022,16,exact,10,4,3,12,RECOVERED_READING,OK,4.0,True,0.12054831765318928,0.7095969402012755,0.7095969402012755,0.5890486225480862,False,False,False,False,False,True,12.0
interactive|merge|t1|c1|strong|s0,interactive,,merge,-0.5890486225480862,off_grid,0.7853981633974483,strong,0,2026083030,16,exact,10,4,3,12,RECOVERED_READING,OK,4.0,True,0.06600466093033755,0.6550532834784237,0.6550532834784237,0.5890486225480862,False,False,False,False,False,True,11.0
interactive|merge|t1|c1|strong|s1,interactive,,merge,-0.5890486225480862,off_grid,0.7853981633974483,strong,1,2026083031,16,exact,10,4,3,12,RECOVERED_READING,OK,4.0,True,0.07066988661401856,0.6597185091621047,0.6597185091621047,0.5890486225480862,False,False,False,False,False,True,11.0
interactive|merge|t1|c1|strong|s2,interactive,,merge,-0.5890486225480862,off_grid,0.7853981633974483,strong,2,2026083032,16,exact,10,4,3,12,RECOVERED_READING,OK,4.0,True,0.07351629331244938,0.6625649158605356,0.6625649158605356,0.5890486225480862,False,False,False,False,False,True,10.0
interactive|merge|t2|c0|weak|s0,interactive,,merge,0.0,on_grid,-0.7853981633974483,weak,0,2026083000,16,exact,10,4,3,12,RECOVERED_READING,OK,4.0,True,-0.3929872490334929,-0.3929872490334929,0.3929872490334929,0.0,False,False,True,True,False,True,12.0
interactive|merge|t2|c0|weak|s1,interactive,,merge,0.0,on_grid,-0.7853981633974483,weak,1,2026083001,16,exact,10,4,3,12,RECOVERED_READING,OK,4.0,True,-0.3726747620559565,-0.3726747620559565,0.3726747620559565,0.0,False,True,True,True,False,True,12.0
interactive|merge|t2|c0|weak|s2,interactive,,merge,0.0,on_grid,-0.7853981633974483,weak,2,2026083002,16,exact,10,4,3,12,RECOVERED_READING,OK,4.0,True,-0.3928471782558568,-0.3928471782558568,0.3928471782558568,0.0,False,False,True,True,False,True,12.0
interactive|merge|t2|c0|strong|s0,interactive,,merge,0.0,on_grid,-0.7853981633974483,strong,0,2026083010,16,exact,10,4,3,12,RECOVERED_READING,OK,4.0,True,0.6986821336588818,0.6986821336588818,0.6986821336588818,0.0,False,False,True,True,False,True,12.0
interactive|merge|t2|c0|strong|s1,interactive,,merge,0.0,on_grid,-0.7853981633974483,strong,1,2026083011,16,exact,10,4,3,12,RECOVERED_READING,OK,4.0,True,0.7744161906580291,0.7744161906580291,0.7744161906580291,0.0,False,False,True,True,False,True,12.0
interactive|merge|t2|c0|strong|s2,interactive,,merge,0.0,on_grid,-0.7853981633974483,strong,2,2026083012,16,exact,10,4,3,12,RECOVERED_READING,OK,4.0,True,0.6234060490929658,0.6234060490929658,0.6234060490929658,0.0,False,False,True,True,False,True,12.0
interactive|merge|t2|c1|weak|s0,interactive,,merge,0.0,on_grid,0.7853981633974483,weak,0,2026083020,16,exact,10,4,3,12,RECOVERED_READING,OK,4.0,True,0.12644389776216755,0.12644389776216755,0.12644389776216755,0.0,True,True,True,True,False,True,12.0
interactive|merge|t2|c1|weak|s1,interactive,,merge,0.0,on_grid,0.7853981633974483,weak,1,2026083021,16,exact,10,4,3,12,RECOVERED_READING,OK,4.0,True,0.11435535815570094,0.11435535815570094,0.11435535815570094,0.0,True,True,True,True,False,True,12.0
interactive|merge|t2|c1|weak|s2,interactive,,merge,0.0,on_grid,0.7853981633974483,weak,2,2026083022,16,exact,10,4,3,12,RECOVERED_READING,OK,4.0,True,0.12055680770306265,0.12055680770306265,0.12055680770306265,0.0,True,True,True,True,False,True,12.0
interactive|merge|t2|c1|strong|s0,interactive,,merge,0.0,on_grid,0.7853981633974483,strong,0,2026083030,16,exact,10,4,3,12,RECOVERED_READING,OK,4.0,True,0.1573986396316744,0.1573986396316744,0.1573986396316744,0.0,True,True,True,True,False,True,12.0
interactive|merge|t2|c1|strong|s1,interactive,,merge,0.0,on_grid,0.7853981633974483,strong,1,2026083031,16,exact,10,4,3,12,RECOVERED_READING,OK,4.0,True,0.13083638638075287,0.13083638638075287,0.13083638638075287,0.0,True,True,True,True,False,True,11.0
interactive|merge|t2|c1|strong|s2,interactive,,merge,0.0,on_grid,0.7853981633974483,strong,2,2026083032,16,exact,10,4,3,12,RECOVERED_READING,OK,4.0,True,0.12881712192789868,0.12881712192789868,0.12881712192789868,0.0,True,True,True,True,False,True,11.0
interactive|merge|t3|c0|weak|s0,interactive,,merge,0.5890486225480862,off_grid,-0.7853981633974483,weak,0,2026083000,16,exact,10,4,3,12,RECOVERED_READING,OK,4.0,True,-0.4057067590189821,-0.9947553815670683,0.9947553815670683,0.5890486225480862,False,False,False,False,False,True,12.0
interactive|merge|t3|c0|weak|s1,interactive,,merge,0.5890486225480862,off_grid,-0.7853981633974483,weak,1,2026083001,16,exact,10,4,3,12,RECOVERED_READING,OK,4.0,True,-0.3735364845427843,-0.9625851070908705,0.9625851070908705,0.5890486225480862,False,False,False,False,False,True,12.0
interactive|merge|t3|c0|weak|s2,interactive,,merge,0.5890486225480862,off_grid,-0.7853981633974483,weak,2,2026083002,16,exact,10,4,3,12,RECOVERED_READING,OK,4.0,True,-0.21301269762785827,-0.8020613201759444,0.8020613201759444,0.5890486225480862,False,False,False,False,False,True,12.0
interactive|merge|t3|c0|strong|s0,interactive,,merge,0.5890486225480862,off_grid,-0.7853981633974483,strong,0,2026083010,16,exact,10,4,3,12,RECOVERED_READING,OK,4.0,True,0.6898217823517878,0.1007731598037016,0.1007731598037016,0.5890486225480862,True,True,False,False,False,True,12.0
interactive|merge|t3|c0|strong|s1,interactive,,merge,0.5890486225480862,off_grid,-0.7853981633974483,strong,1,2026083011,16,exact,10,4,3,12,RECOVERED_READING,OK,4.0,True,0.7688250093961836,0.17977638684809738,0.17977638684809738,0.5890486225480862,True,True,False,False,False,True,12.0
interactive|merge|t3|c0|strong|s2,interactive,,merge,0.5890486225480862,off_grid,-0.7853981633974483,strong,2,2026083012,16,exact,10,4,3,12,RECOVERED_READING,OK,4.0,True,0.6987889938318215,0.10974037128373526,0.10974037128373526,0.5890486225480862,True,True,False,False,False,True,12.0
interactive|merge|t3|c1|weak|s0,interactive,,merge,0.5890486225480862,off_grid,0.7853981633974483,weak,0,2026083020,16,exact,10,4,3,12,RECOVERED_READING,OK,4.0,True,0.12686473089866843,-0.46218389164941776,0.46218389164941776,0.5890486225480862,False,False,False,False,False,True,12.0
interactive|merge|t3|c1|weak|s1,interactive,,merge,0.5890486225480862,off_grid,0.7853981633974483,weak,1,2026083021,16,exact,10,4,3,12,RECOVERED_READING,OK,4.0,True,0.15796764219871307,-0.43108098034937314,0.43108098034937314,0.5890486225480862,False,False,False,False,False,True,12.0
interactive|merge|t3|c1|weak|s2,interactive,,merge,0.5890486225480862,off_grid,0.7853981633974483,weak,2,2026083022,16,exact,10,4,3,12,RECOVERED_READING,OK,4.0,True,0.13181889454671936,-0.45722972800136685,0.45722972800136685,0.5890486225480862,False,False,False,False,False,True,12.0
interactive|merge|t3|c1|strong|s0,interactive,,merge,0.5890486225480862,off_grid,0.7853981633974483,strong,0,2026083030,16,exact,10,4,3,12,RECOVERED_READING,OK,4.0,True,0.025788087665977535,-0.5632605348821087,0.5632605348821087,0.5890486225480862,False,False,False,False,False,True,12.0
interactive|merge|t3|c1|strong|s1,interactive,,merge,0.5890486225480862,off_grid,0.7853981633974483,strong,1,2026083031,16,exact,10,4,3,12,RECOVERED_READING,OK,4.0,True,-0.2159445666047998,-0.804993189152886,0.804993189152886,0.5890486225480862,False,False,False,False,False,True,12.0
interactive|merge|t3|c1|strong|s2,interactive,,merge,0.5890486225480862,off_grid,0.7853981633974483,strong,2,2026083032,16,exact,10,4,3,12,RECOVERED_READING,OK,4.0,True,-0.1502019728110198,-0.739250595359106,0.739250595359106,0.5890486225480862,False,False,False,False,False,True,12.0
interactive|merge|t4|c0|weak|s0,interactive,,merge,0.7853981633974483,on_grid,-0.7853981633974483,weak,0,2026083000,16,exact,10,4,3,12,RECOVERED_READING,OK,4.0,True,-0.4001902810032244,-1.1855884444006728,1.1855884444006728,0.7853981633974483,False,False,False,False,False,True,12.0
interactive|merge|t4|c0|weak|s1,interactive,,merge,0.7853981633974483,on_grid,-0.7853981633974483,weak,1,2026083001,16,exact,10,4,3,12,RECOVERED_READING,OK,4.0,True,-0.37256312030707495,-1.1579612837045232,1.1579612837045232,0.7853981633974483,False,False,False,False,False,True,12.0
interactive|merge|t4|c0|weak|s2,interactive,,merge,0.7853981633974483,on_grid,-0.7853981633974483,weak,2,2026083002,16,exact,10,4,3,12,RECOVERED_READING,OK,4.0,True,-0.21481261910191793,-1.0002107824993662,1.0002107824993662,0.7853981633974483,False,False,False,False,False,True,12.0
interactive|merge|t4|c0|strong|s0,interactive,,merge,0.7853981633974483,on_grid,-0.7853981633974483,strong,0,2026083010,16,exact,10,4,3,12,RECOVERED_READING,OK,4.0,True,0.7350113158539447,-0.05038684754350353,0.05038684754350353,0.7853981633974483,True,True,False,False,False,True,12.0
interactive|merge|t4|c0|strong|s1,interactive,,merge,0.7853981633974483,on_grid,-0.7853981633974483,strong,1,2026083011,16,exact,10,4,3,12,RECOVERED_READING,OK,4.0,True,0.7763075664822692,-0.009090596915179106,0.009090596915179106,0.7853981633974483,True,True,False,False,False,True,12.0
interactive|merge|t4|c0|strong|s2,interactive,,merge,0.7853981633974483,on_grid,-0.7853981633974483,strong,2,2026083012,16,exact,10,4,3,12,RECOVERED_READING,OK,4.0,True,0.6329159335950796,-0.1524822298023687,0.1524822298023687,0.7853981633974483,True,True,False,False,False,True,12.0
interactive|merge|t4|c1|weak|s0,interactive,,merge,0.7853981633974483,on_grid,0.7853981633974483,weak,0,2026083020,16,exact,10,4,3,12,RECOVERED_READING,OK,4.0,True,-0.4629724694444643,-1.2483706328419126,1.2483706328419126,0.7853981633974483,False,False,False,False,False,True,12.0
interactive|merge|t4|c1|weak|s1,interactive,,merge,0.7853981633974483,on_grid,0.7853981633974483,weak,1,2026083021,16,exact,10,4,3,12,RECOVERED_READING,OK,4.0,True,-0.5349331265271395,-1.3203312899245878,1.3203312899245878,0.7853981633974483,False,False,False,False,False,True,12.0
interactive|merge|t4|c1|weak|s2,interactive,,merge,0.7853981633974483,on_grid,0.7853981633974483,weak,2,2026083022,16,exact,10,4,3,12,RECOVERED_READING,OK,4.0,True,-0.6146666748025209,-1.4000648381999692,1.4000648381999692,0.7853981633974483,False,False,False,False,False,True,12.0
interactive|merge|t4|c1|strong|s0,interactive,,merge,0.7853981633974483,on_grid,0.7853981633974483,strong,0,2026083030,16,exact,10,4,3,12,RECOVERED_READING,OK,4.0,True,-0.4061502065870259,-1.1915483699844742,1.1915483699844742,0.7853981633974483,False,False,False,False,False,True,12.0
interactive|merge|t4|c1|strong|s1,interactive,,merge,0.7853981633974483,on_grid,0.7853981633974483,strong,1,2026083031,16,exact,10,4,3,12,RECOVERED_READING,OK,4.0,True,-0.39805688528420524,-1.1834550486816535,1.1834550486816535,0.7853981633974483,False,False,False,False,False,True,12.0
interactive|merge|t4|c1|strong|s2,interactive,,merge,0.7853981633974483,on_grid,0.7853981633974483,strong,2,2026083032,16,exact,10,4,3,12,RECOVERED_READING,OK,4.0,True,-0.3953552482025725,-1.180753411600021,1.180753411600021,0.7853981633974483,False,False,False,False,False,True,12.0
interactive|same_direction_negotiation|t0|c0|weak|s0,interactive,,same_direction_negotiation,-0.7853981633974483,on_grid,-0.7853981633974483,weak,0,2026083100,16,exact,10,4,3,12,ABSTAIN_NO_PERSISTENT_ONSET,NO_PERSISTENT_OPPORTUNITY_CONCENTRATION,,False,,,,,False,False,False,False,False,True,
interactive|same_direction_negotiation|t0|c0|weak|s1,interactive,,same_direction_negotiation,-0.7853981633974483,on_grid,-0.7853981633974483,weak,1,2026083101,16,exact,10,4,3,12,ABSTAIN_NO_PERSISTENT_ONSET,NO_PERSISTENT_OPPORTUNITY_CONCENTRATION,,False,,,,,False,False,False,False,False,True,
interactive|same_direction_negotiation|t0|c0|weak|s2,interactive,,same_direction_negotiation,-0.7853981633974483,on_grid,-0.7853981633974483,weak,2,2026083102,16,exact,10,4,3,12,ABSTAIN_NO_PERSISTENT_ONSET,NO_PERSISTENT_OPPORTUNITY_CONCENTRATION,,False,,,,,False,False,False,False,False,True,
interactive|same_direction_negotiation|t0|c0|strong|s0,interactive,,same_direction_negotiation,-0.7853981633974483,on_grid,-0.7853981633974483,strong,0,2026083110,16,exact,10,4,3,12,RECOVERED_READING,OK,8.0,True,-0.5893765561340593,0.19602160726338902,0.19602160726338902,0.7853981633974483,True,True,False,False,False,True,8.0
interactive|same_direction_negotiation|t0|c0|strong|s1,interactive,,same_direction_negotiation,-0.7853981633974483,on_grid,-0.7853981633974483,strong,1,2026083111,16,exact,10,4,3,12,RECOVERED_READING,OK,7.0,True,-0.5788578110038263,0.206540352393622,0.206540352393622,0.7853981633974483,False,True,False,False,False,True,9.0
interactive|same_direction_negotiation|t0|c0|strong|s2,interactive,,same_direction_negotiation,-0.7853981633974483,on_grid,-0.7853981633974483,strong,2,2026083112,16,exact,10,4,3,12,RECOVERED_READING,OK,7.0,True,-0.5866653294380253,0.19873283395942298,0.19873283395942298,0.7853981633974483,False,True,False,False,False,True,9.0
interactive|same_direction_negotiation|t0|c1|weak|s0,interactive,,same_direction_negotiation,-0.7853981633974483,on_grid,0.7853981633974483,weak,0,2026083120,16,exact,10,4,3,12,ABSTAIN_NO_PERSISTENT_ONSET,NO_PERSISTENT_OPPORTUNITY_CONCENTRATION,,False,,,,,False,False,False,False,False,True,
interactive|same_direction_negotiation|t0|c1|weak|s1,interactive,,same_direction_negotiation,-0.7853981633974483,on_grid,0.7853981633974483,weak,1,2026083121,16,exact,10,4,3,12,ABSTAIN_NO_PERSISTENT_ONSET,NO_PERSISTENT_OPPORTUNITY_CONCENTRATION,,False,,,,,False,False,False,False,False,True,
interactive|same_direction_negotiation|t0|c1|weak|s2,interactive,,same_direction_negotiation,-0.7853981633974483,on_grid,0.7853981633974483,weak,2,2026083122,16,exact,10,4,3,12,ABSTAIN_NO_PERSISTENT_ONSET,NO_PERSISTENT_OPPORTUNITY_CONCENTRATION,,False,,,,,False,False,False,False,False,True,
interactive|same_direction_negotiation|t0|c1|strong|s0,interactive,,same_direction_negotiation,-0.7853981633974483,on_grid,0.7853981633974483,strong,0,2026083130,16,exact,10,4,3,12,RECOVERED_READING,OK,6.0,True,-0.202091370657093,0.5833067927403552,0.5833067927403552,0.7853981633974483,False,False,False,False,False,True,10.0
interactive|same_direction_negotiation|t0|c1|strong|s1,interactive,,same_direction_negotiation,-0.7853981633974483,on_grid,0.7853981633974483,strong,1,2026083131,16,exact,10,4,3,12,RECOVERED_READING,OK,5.0,True,0.22063671208319893,1.0060348754806472,1.0060348754806472,0.7853981633974483,False,False,False,False,False,True,11.0
interactive|same_direction_negotiation|t0|c1|strong|s2,interactive,,same_direction_negotiation,-0.7853981633974483,on_grid,0.7853981633974483,strong,2,2026083132,16,exact,10,4,3,12,RECOVERED_READING,OK,7.0,True,-0.5615495280516212,0.2238486353458271,0.2238486353458271,0.7853981633974483,False,True,False,False,False,True,8.0
interactive|same_direction_negotiation|t1|c0|weak|s0,interactive,,same_direction_negotiation,-0.5890486225480862,off_grid,-0.7853981633974483,weak,0,2026083100,16,exact,10,4,3,12,ABSTAIN_NO_PERSISTENT_ONSET,NO_PERSISTENT_OPPORTUNITY_CONCENTRATION,,False,,,,,False,False,False,False,False,True,
interactive|same_direction_negotiation|t1|c0|weak|s1,interactive,,same_direction_negotiation,-0.5890486225480862,off_grid,-0.7853981633974483,weak,1,2026083101,16,exact,10,4,3,12,ABSTAIN_NO_PERSISTENT_ONSET,NO_PERSISTENT_OPPORTUNITY_CONCENTRATION,,False,,,,,False,False,False,False,False,True,
interactive|same_direction_negotiation|t1|c0|weak|s2,interactive,,same_direction_negotiation,-0.5890486225480862,off_grid,-0.7853981633974483,weak,2,2026083102,16,exact,10,4,3,12,ABSTAIN_NO_PERSISTENT_ONSET,NO_PERSISTENT_OPPORTUNITY_CONCENTRATION,,False,,,,,False,False,False,False,False,True,
interactive|same_direction_negotiation|t1|c0|strong|s0,interactive,,same_direction_negotiation,-0.5890486225480862,off_grid,-0.7853981633974483,strong,0,2026083110,16,exact,10,4,3,12,RECOVERED_READING,OK,8.0,True,-0.5890792180715938,-3.059552350759276e-05,3.059552350759276e-05,0.5890486225480862,True,True,False,False,False,True,8.0
interactive|same_direction_negotiation|t1|c0|strong|s1,interactive,,same_direction_negotiation,-0.5890486225480862,off_grid,-0.7853981633974483,strong,1,2026083111,16,exact,10,4,3,12,RECOVERED_READING,OK,8.0,True,-0.583342189203148,0.005706433344938255,0.005706433344938255,0.5890486225480862,True,True,False,False,False,True,8.0
interactive|same_direction_negotiation|t1|c0|strong|s2,interactive,,same_direction_negotiation,-0.5890486225480862,off_grid,-0.7853981633974483,strong,2,2026083112,16,exact,10,4,3,12,RECOVERED_READING,OK,7.0,True,-0.5866565673261003,0.0023920552219859337,0.0023920552219859337,0.5890486225480862,True,True,False,False,False,True,9.0
interactive|same_direction_negotiation|t1|c1|weak|s0,interactive,,same_direction_negotiation,-0.5890486225480862,off_grid,0.7853981633974483,weak,0,2026083120,16,exact,10,4,3,12,ABSTAIN_NO_PERSISTENT_ONSET,NO_PERSISTENT_OPPORTUNITY_CONCENTRATION,,False,,,,,False,False,False,False,False,True,
interactive|same_direction_negotiation|t1|c1|weak|s1,interactive,,same_direction_negotiation,-0.5890486225480862,off_grid,0.7853981633974483,weak,1,2026083121,16,exact,10,4,3,12,ABSTAIN_NO_PERSISTENT_ONSET,NO_PERSISTENT_OPPORTUNITY_CONCENTRATION,,False,,,,,False,False,False,False,False,True,
interactive|same_direction_negotiation|t1|c1|weak|s2,interactive,,same_direction_negotiation,-0.5890486225480862,off_grid,0.7853981633974483,weak,2,2026083122,16,exact,10,4,3,12,ABSTAIN_NO_PERSISTENT_ONSET,NO_PERSISTENT_OPPORTUNITY_CONCENTRATION,,False,,,,,False,False,False,False,False,True,
interactive|same_direction_negotiation|t1|c1|strong|s0,interactive,,same_direction_negotiation,-0.5890486225480862,off_grid,0.7853981633974483,strong,0,2026083130,16,exact,10,4,3,12,RECOVERED_READING,OK,6.0,True,-0.20183848183662403,0.3872101407114622,0.3872101407114622,0.5890486225480862,False,True,False,False,False,True,10.0
interactive|same_direction_negotiation|t1|c1|strong|s1,interactive,,same_direction_negotiation,-0.5890486225480862,off_grid,0.7853981633974483,strong,1,2026083131,16,exact,10,4,3,12,RECOVERED_READING,OK,5.0,True,0.2208615266902096,0.8099101492382959,0.8099101492382959,0.5890486225480862,False,False,False,False,False,True,11.0
interactive|same_direction_negotiation|t1|c1|strong|s2,interactive,,same_direction_negotiation,-0.5890486225480862,off_grid,0.7853981633974483,strong,2,2026083132,16,exact,10,4,3,12,RECOVERED_READING,OK,6.0,True,-0.1766850364702115,0.4123635860778747,0.4123635860778747,0.5890486225480862,False,False,False,False,False,True,10.0
interactive|same_direction_negotiation|t2|c0|weak|s0,interactive,,same_direction_negotiation,0.0,on_grid,-0.7853981633974483,weak,0,2026083100,16,exact,10,4,3,12,ABSTAIN_NO_PERSISTENT_ONSET,NO_PERSISTENT_OPPORTUNITY_CONCENTRATION,,False,,,,,False,False,False,False,False,True,
interactive|same_direction_negotiation|t2|c0|weak|s1,interactive,,same_direction_negotiation,0.0,on_grid,-0.7853981633974483,weak,1,2026083101,16,exact,10,4,3,12,ABSTAIN_NO_PERSISTENT_ONSET,NO_PERSISTENT_OPPORTUNITY_CONCENTRATION,,False,,,,,False,False,False,False,False,True,
interactive|same_direction_negotiation|t2|c0|weak|s2,interactive,,same_direction_negotiation,0.0,on_grid,-0.7853981633974483,weak,2,2026083102,16,exact,10,4,3,12,ABSTAIN_NO_PERSISTENT_ONSET,NO_PERSISTENT_OPPORTUNITY_CONCENTRATION,,False,,,,,False,False,False,False,False,True,
interactive|same_direction_negotiation|t2|c0|strong|s0,interactive,,same_direction_negotiation,0.0,on_grid,-0.7853981633974483,strong,0,2026083110,16,exact,10,4,3,12,RECOVERED_READING,OK,7.0,True,0.5814251288025833,0.5814251288025833,0.5814251288025833,0.0,False,False,True,True,False,True,9.0
interactive|same_direction_negotiation|t2|c0|strong|s1,interactive,,same_direction_negotiation,0.0,on_grid,-0.7853981633974483,strong,1,2026083111,16,exact,10,4,3,12,RECOVERED_READING,OK,7.0,True,0.5753875711909059,0.5753875711909059,0.5753875711909059,0.0,False,False,True,True,False,True,9.0
interactive|same_direction_negotiation|t2|c0|strong|s2,interactive,,same_direction_negotiation,0.0,on_grid,-0.7853981633974483,strong,2,2026083112,16,exact,10,4,3,12,RECOVERED_READING,OK,7.0,True,0.6048376255514891,0.6048376255514891,0.6048376255514891,0.0,False,False,True,True,False,True,9.0
interactive|same_direction_negotiation|t2|c1|weak|s0,interactive,,same_direction_negotiation,0.0,on_grid,0.7853981633974483,weak,0,2026083120,16,exact,10,4,3,12,ABSTAIN_NO_PERSISTENT_ONSET,NO_PERSISTENT_OPPORTUNITY_CONCENTRATION,,False,,,,,False,False,False,False,False,True,
interactive|same_direction_negotiation|t2|c1|weak|s1,interactive,,same_direction_negotiation,0.0,on_grid,0.7853981633974483,weak,1,2026083121,16,exact,10,4,3,12,ABSTAIN_NO_PERSISTENT_ONSET,NO_PERSISTENT_OPPORTUNITY_CONCENTRATION,,False,,,,,False,False,False,False,False,True,
interactive|same_direction_negotiation|t2|c1|weak|s2,interactive,,same_direction_negotiation,0.0,on_grid,0.7853981633974483,weak,2,2026083122,16,exact,10,4,3,12,ABSTAIN_NO_PERSISTENT_ONSET,NO_PERSISTENT_OPPORTUNITY_CONCENTRATION,,False,,,,,False,False,False,False,False,True,
interactive|same_direction_negotiation|t2|c1|strong|s0,interactive,,same_direction_negotiation,0.0,on_grid,0.7853981633974483,strong,0,2026083130,16,exact,10,4,3,12,RECOVERED_READING,OK,5.0,True,0.5068321652234269,0.5068321652234269,0.5068321652234269,0.0,False,False,True,True,False,True,11.0
interactive|same_direction_negotiation|t2|c1|strong|s1,interactive,,same_direction_negotiation,0.0,on_grid,0.7853981633974483,strong,1,2026083131,16,exact,10,4,3,12,RECOVERED_READING,OK,5.0,True,0.664213215554942,0.664213215554942,0.664213215554942,0.0,False,False,True,True,False,True,11.0
interactive|same_direction_negotiation|t2|c1|strong|s2,interactive,,same_direction_negotiation,0.0,on_grid,0.7853981633974483,strong,2,2026083132,16,exact,10,4,3,12,RECOVERED_READING,OK,6.0,True,0.5058117689396076,0.5058117689396076,0.5058117689396076,0.0,False,False,True,True,False,True,9.0
interactive|same_direction_negotiation|t3|c0|weak|s0,interactive,,same_direction_negotiation,0.5890486225480862,off_grid,-0.7853981633974483,weak,0,2026083100,16,exact,10,4,3,12,ABSTAIN_NO_PERSISTENT_ONSET,NO_PERSISTENT_OPPORTUNITY_CONCENTRATION,,False,,,,,False,False,False,False,False,True,
interactive|same_direction_negotiation|t3|c0|weak|s1,interactive,,same_direction_negotiation,0.5890486225480862,off_grid,-0.7853981633974483,weak,1,2026083101,16,exact,10,4,3,12,ABSTAIN_NO_PERSISTENT_ONSET,NO_PERSISTENT_OPPORTUNITY_CONCENTRATION,,False,,,,,False,False,False,False,False,True,
interactive|same_direction_negotiation|t3|c0|weak|s2,interactive,,same_direction_negotiation,0.5890486225480862,off_grid,-0.7853981633974483,weak,2,2026083102,16,exact,10,4,3,12,ABSTAIN_NO_PERSISTENT_ONSET,NO_PERSISTENT_OPPORTUNITY_CONCENTRATION,,False,,,,,False,False,False,False,False,True,
interactive|same_direction_negotiation|t3|c0|strong|s0,interactive,,same_direction_negotiation,0.5890486225480862,off_grid,-0.7853981633974483,strong,0,2026083110,16,exact,10,4,3,12,RECOVERED_READING,OK,7.0,True,0.5826395691849318,-0.006409053363154449,0.006409053363154449,0.5890486225480862,True,True,False,False,False,True,9.0
interactive|same_direction_negotiation|t3|c0|strong|s1,interactive,,same_direction_negotiation,0.5890486225480862,off_grid,-0.7853981633974483,strong,1,2026083111,16,exact,10,4,3,12,RECOVERED_READING,OK,7.0,True,0.5864970351209763,-0.002551587427109925,0.002551587427109925,0.5890486225480862,True,True,False,False,False,True,9.0
interactive|same_direction_negotiation|t3|c0|strong|s2,interactive,,same_direction_negotiation,0.5890486225480862,off_grid,-0.7853981633974483,strong,2,2026083112,16,exact,10,4,3,12,RECOVERED_READING,OK,7.0,True,0.6041235130507152,0.015074890502629001,0.015074890502629001,0.5890486225480862,True,True,False,False,False,True,9.0
interactive|same_direction_negotiation|t3|c1|weak|s0,interactive,,same_direction_negotiation,0.5890486225480862,off_grid,0.7853981633974483,weak,0,2026083120,16,exact,10,4,3,12,ABSTAIN_NO_PERSISTENT_ONSET,NO_PERSISTENT_OPPORTUNITY_CONCENTRATION,,False,,,,,False,False,False,False,False,True,
interactive|same_direction_negotiation|t3|c1|weak|s1,interactive,,same_direction_negotiation,0.5890486225480862,off_grid,0.7853981633974483,weak,1,2026083121,16,exact,10,4,3,12,RECOVERED_READING,OK,11.0,True,0.4015458936982249,-0.1875027288498613,0.1875027288498613,0.5890486225480862,True,True,False,False,False,True,5.0
interactive|same_direction_negotiation|t3|c1|weak|s2,interactive,,same_direction_negotiation,0.5890486225480862,off_grid,0.7853981633974483,weak,2,2026083122,16,exact,10,4,3,12,RECOVERED_READING,OK,10.0,True,0.5104241073015545,-0.07862451524653169,0.07862451524653169,0.5890486225480862,True,True,False,False,False,True,6.0
interactive|same_direction_negotiation|t3|c1|strong|s0,interactive,,same_direction_negotiation,0.5890486225480862,off_grid,0.7853981633974483,strong,0,2026083130,16,exact,10,4,3,12,RECOVERED_READING,OK,5.0,True,0.7391408818261499,0.1500922592780637,0.1500922592780637,0.5890486225480862,True,True,False,False,False,True,11.0
interactive|same_direction_negotiation|t3|c1|strong|s1,interactive,,same_direction_negotiation,0.5890486225480862,off_grid,0.7853981633974483,strong,1,2026083131,16,exact,10,4,3,12,RECOVERED_READING,OK,5.0,True,0.7744721744047314,0.18542355185664516,0.18542355185664516,0.5890486225480862,True,True,False,False,False,True,11.0
interactive|same_direction_negotiation|t3|c1|strong|s2,interactive,,same_direction_negotiation,0.5890486225480862,off_grid,0.7853981633974483,strong,2,2026083132,16,exact,10,4,3,12,RECOVERED_READING,OK,5.0,True,0.6962724900055841,0.1072238674574979,0.1072238674574979,0.5890486225480862,True,True,False,False,False,True,11.0
interactive|same_direction_negotiation|t4|c0|weak|s0,interactive,,same_direction_negotiation,0.7853981633974483,on_grid,-0.7853981633974483,weak,0,2026083100,16,exact,10,4,3,12,ABSTAIN_NO_PERSISTENT_ONSET,NO_PERSISTENT_OPPORTUNITY_CONCENTRATION,,False,,,,,False,False,False,False,False,True,
interactive|same_direction_negotiation|t4|c0|weak|s1,interactive,,same_direction_negotiation,0.7853981633974483,on_grid,-0.7853981633974483,weak,1,2026083101,16,exact,10,4,3,12,ABSTAIN_NO_PERSISTENT_ONSET,NO_PERSISTENT_OPPORTUNITY_CONCENTRATION,,False,,,,,False,False,False,False,False,True,
interactive|same_direction_negotiation|t4|c0|weak|s2,interactive,,same_direction_negotiation,0.7853981633974483,on_grid,-0.7853981633974483,weak,2,2026083102,16,exact,10,4,3,12,RECOVERED_READING,OK,9.0,True,0.5735512542229437,-0.21184690917450455,0.21184690917450455,0.7853981633974483,False,True,False,False,False,True,7.0
interactive|same_direction_negotiation|t4|c0|strong|s0,interactive,,same_direction_negotiation,0.7853981633974483,on_grid,-0.7853981633974483,strong,0,2026083110,16,exact,10,4,3,12,RECOVERED_READING,OK,6.0,True,0.6236543849187881,-0.16174377847866017,0.16174377847866017,0.7853981633974483,True,True,False,False,False,True,10.0
interactive|same_direction_negotiation|t4|c0|strong|s1,interactive,,same_direction_negotiation,0.7853981633974483,on_grid,-0.7853981633974483,strong,1,2026083111,16,exact,10,4,3,12,RECOVERED_READING,OK,6.0,True,0.6687543003477747,-0.11664386304967356,0.11664386304967356,0.7853981633974483,True,True,False,False,False,True,10.0
interactive|same_direction_negotiation|t4|c0|strong|s2,interactive,,same_direction_negotiation,0.7853981633974483,on_grid,-0.7853981633974483,strong,2,2026083112,16,exact,10,4,3,12,RECOVERED_READING,OK,7.0,True,0.6096181243774008,-0.17578003902004746,0.17578003902004746,0.7853981633974483,True,True,False,False,False,True,9.0
interactive|same_direction_negotiation|t4|c1|weak|s0,interactive,,same_direction_negotiation,0.7853981633974483,on_grid,0.7853981633974483,weak,0,2026083120,16,exact,10,4,3,12,ABSTAIN_NO_PERSISTENT_ONSET,NO_PERSISTENT_OPPORTUNITY_CONCENTRATION,,False,,,,,False,False,False,False,False,True,
interactive|same_direction_negotiation|t4|c1|weak|s1,interactive,,same_direction_negotiation,0.7853981633974483,on_grid,0.7853981633974483,weak,1,2026083121,16,exact,10,4,3,12,RECOVERED_READING,OK,8.0,True,0.5797204231404995,-0.20567774025694874,0.20567774025694874,0.7853981633974483,False,True,False,False,False,True,8.0
interactive|same_direction_negotiation|t4|c1|weak|s2,interactive,,same_direction_negotiation,0.7853981633974483,on_grid,0.7853981633974483,weak,2,2026083122,16,exact,10,4,3,12,RECOVERED_READING,OK,8.0,True,0.6306117137165184,-0.15478644968092992,0.15478644968092992,0.7853981633974483,True,True,False,False,False,True,8.0
interactive|same_direction_negotiation|t4|c1|strong|s0,interactive,,same_direction_negotiation,0.7853981633974483,on_grid,0.7853981633974483,strong,0,2026083130,16,exact,10,4,3,12,RECOVERED_READING,OK,5.0,True,0.7853981602061779,-3.1912703590819547e-09,3.1912703590819547e-09,0.7853981633974483,True,True,False,False,False,True,11.0
interactive|same_direction_negotiation|t4|c1|strong|s1,interactive,,same_direction_negotiation,0.7853981633974483,on_grid,0.7853981633974483,strong,1,2026083131,16,exact,10,4,3,12,RECOVERED_READING,OK,5.0,True,0.7853981625139201,-8.835281395391803e-10,8.835281395391803e-10,0.7853981633974483,True,True,False,False,False,True,11.0
interactive|same_direction_negotiation|t4|c1|strong|s2,interactive,,same_direction_negotiation,0.7853981633974483,on_grid,0.7853981633974483,strong,2,2026083132,16,exact,10,4,3,12,RECOVERED_READING,OK,5.0,True,0.7853981631683336,-2.2911472719044923e-10,2.2911472719044923e-10,0.7853981633974483,True,True,False,False,False,True,11.0
negative|no_conflict_neighbour|00,negative_control,no_conflict_neighbour,clear_priority_crossing,-0.7853981633974483,control_truth_not_scored,-0.7853981633974483,weak,0,2026083800,16,exact,10,4,3,12,NEGATIVE_CONTROL_COMPLETE,OK,4.0,True,,,,,False,False,False,False,False,False,
negative|no_conflict_neighbour|01,negative_control,no_conflict_neighbour,ambiguous_priority_crossing,-0.7853981633974483,control_truth_not_scored,-0.7853981633974483,strong,1,2026083801,16,exact,10,4,3,12,NEGATIVE_CONTROL_COMPLETE,OK,4.0,True,,,,,False,False,False,False,False,False,
negative|no_conflict_neighbour|02,negative_control,no_conflict_neighbour,merge,-0.7853981633974483,control_truth_not_scored,0.7853981633974483,weak,0,2026083802,16,exact,10,4,3,12,NEGATIVE_CONTROL_COMPLETE,OK,,False,,,,,False,False,False,False,False,False,
negative|no_conflict_neighbour|03,negative_control,no_conflict_neighbour,same_direction_negotiation,-0.7853981633974483,control_truth_not_scored,0.7853981633974483,strong,1,2026083803,16,exact,10,4,3,12,NEGATIVE_CONTROL_COMPLETE,OK,4.0,True,,,,,False,False,False,False,False,False,
negative|no_conflict_neighbour|04,negative_control,no_conflict_neighbour,clear_priority_crossing,0.0,control_truth_not_scored,-0.7853981633974483,weak,0,2026083804,16,exact,10,4,3,12,NEGATIVE_CONTROL_COMPLETE,OK,4.0,True,,,,,False,False,False,False,False,False,
negative|no_conflict_neighbour|05,negative_control,no_conflict_neighbour,ambiguous_priority_crossing,0.0,control_truth_not_scored,-0.7853981633974483,strong,1,2026083805,16,exact,10,4,3,12,NEGATIVE_CONTROL_COMPLETE,OK,4.0,True,,,,,False,False,False,False,False,False,
negative|no_conflict_neighbour|06,negative_control,no_conflict_neighbour,merge,0.0,control_truth_not_scored,0.7853981633974483,weak,0,2026083806,16,exact,10,4,3,12,NEGATIVE_CONTROL_COMPLETE,OK,,False,,,,,False,False,False,False,False,False,
negative|no_conflict_neighbour|07,negative_control,no_conflict_neighbour,same_direction_negotiation,0.0,control_truth_not_scored,0.7853981633974483,strong,1,2026083807,16,exact,10,4,3,12,NEGATIVE_CONTROL_COMPLETE,OK,4.0,True,,,,,False,False,False,False,False,False,
negative|no_conflict_neighbour|08,negative_control,no_conflict_neighbour,clear_priority_crossing,0.7853981633974483,control_truth_not_scored,-0.7853981633974483,weak,0,2026083808,16,exact,10,4,3,12,NEGATIVE_CONTROL_COMPLETE,OK,4.0,True,,,,,False,False,False,False,False,False,
negative|no_conflict_neighbour|09,negative_control,no_conflict_neighbour,ambiguous_priority_crossing,0.7853981633974483,control_truth_not_scored,-0.7853981633974483,strong,1,2026083809,16,exact,10,4,3,12,NEGATIVE_CONTROL_COMPLETE,OK,4.0,True,,,,,False,False,False,False,False,False,
negative|no_conflict_neighbour|10,negative_control,no_conflict_neighbour,merge,0.7853981633974483,control_truth_not_scored,0.7853981633974483,weak,0,2026083810,16,exact,10,4,3,12,NEGATIVE_CONTROL_COMPLETE,OK,8.0,True,,,,,False,False,False,False,False,False,
negative|no_conflict_neighbour|11,negative_control,no_conflict_neighbour,same_direction_negotiation,0.7853981633974483,control_truth_not_scored,0.7853981633974483,strong,1,2026083811,16,exact,10,4,3,12,NEGATIVE_CONTROL_COMPLETE,OK,4.0,True,,,,,False,False,False,False,False,False,
negative|time_shifted_counterpart|00,negative_control,time_shifted_counterpart,ambiguous_priority_crossing,-0.7853981633974483,control_truth_not_scored,-0.7853981633974483,weak,0,2026083812,16,exact,10,4,3,12,NEGATIVE_CONTROL_COMPLETE,OK,4.0,True,,,,,False,False,False,False,False,True,
negative|time_shifted_counterpart|01,negative_control,time_shifted_counterpart,merge,-0.7853981633974483,control_truth_not_scored,-0.7853981633974483,strong,1,2026083813,16,exact,10,4,3,12,NEGATIVE_CONTROL_COMPLETE,OK,7.0,True,,,,,False,False,False,False,False,True,
negative|time_shifted_counterpart|02,negative_control,time_shifted_counterpart,same_direction_negotiation,-0.7853981633974483,control_truth_not_scored,0.7853981633974483,weak,0,2026083814,16,exact,10,4,3,12,NEGATIVE_CONTROL_COMPLETE,OK,,False,,,,,False,False,False,False,False,True,
negative|time_shifted_counterpart|03,negative_control,time_shifted_counterpart,clear_priority_crossing,-0.7853981633974483,control_truth_not_scored,0.7853981633974483,strong,1,2026083815,16,exact,10,4,3,12,NEGATIVE_CONTROL_COMPLETE,OK,4.0,True,,,,,False,False,False,False,False,True,
negative|time_shifted_counterpart|04,negative_control,time_shifted_counterpart,ambiguous_priority_crossing,0.0,control_truth_not_scored,-0.7853981633974483,weak,0,2026083816,16,exact,10,4,3,12,NEGATIVE_CONTROL_COMPLETE,OK,4.0,True,,,,,False,False,False,False,False,True,
negative|time_shifted_counterpart|05,negative_control,time_shifted_counterpart,merge,0.0,control_truth_not_scored,-0.7853981633974483,strong,1,2026083817,16,exact,10,4,3,12,NEGATIVE_CONTROL_COMPLETE,OK,7.0,True,,,,,False,False,False,False,False,True,
negative|time_shifted_counterpart|06,negative_control,time_shifted_counterpart,same_direction_negotiation,0.0,control_truth_not_scored,0.7853981633974483,weak,0,2026083818,16,exact,10,4,3,12,NEGATIVE_CONTROL_COMPLETE,OK,,False,,,,,False,False,False,False,False,True,
negative|time_shifted_counterpart|07,negative_control,time_shifted_counterpart,clear_priority_crossing,0.0,control_truth_not_scored,0.7853981633974483,strong,1,2026083819,16,exact,10,4,3,12,NEGATIVE_CONTROL_COMPLETE,OK,4.0,True,,,,,False,False,False,False,False,True,
negative|time_shifted_counterpart|08,negative_control,time_shifted_counterpart,ambiguous_priority_crossing,0.7853981633974483,control_truth_not_scored,-0.7853981633974483,weak,0,2026083820,16,exact,10,4,3,12,NEGATIVE_CONTROL_COMPLETE,OK,4.0,True,,,,,False,False,False,False,False,True,
negative|time_shifted_counterpart|09,negative_control,time_shifted_counterpart,merge,0.7853981633974483,control_truth_not_scored,-0.7853981633974483,strong,1,2026083821,16,exact,10,4,3,12,NEGATIVE_CONTROL_COMPLETE,OK,7.0,True,,,,,False,False,False,False,False,True,
negative|time_shifted_counterpart|10,negative_control,time_shifted_counterpart,same_direction_negotiation,0.7853981633974483,control_truth_not_scored,0.7853981633974483,weak,0,2026083822,16,exact,10,4,3,12,NEGATIVE_CONTROL_COMPLETE,OK,10.0,True,,,,,False,False,False,False,False,True,
negative|time_shifted_counterpart|11,negative_control,time_shifted_counterpart,clear_priority_crossing,0.7853981633974483,control_truth_not_scored,0.7853981633974483,strong,1,2026083823,16,exact,10,4,3,12,NEGATIVE_CONTROL_COMPLETE,OK,4.0,True,,,,,False,False,False,False,False,True,
negative|wrong_run_pseudo_pair|00,negative_control,wrong_run_pseudo_pair,merge,-0.7853981633974483,control_truth_not_scored,-0.7853981633974483,weak,0,2026083824,16,exact,10,4,3,12,NEGATIVE_CONTROL_COMPLETE,OK,8.0,True,,,,,False,False,False,False,False,False,
negative|wrong_run_pseudo_pair|01,negative_control,wrong_run_pseudo_pair,same_direction_negotiation,-0.7853981633974483,control_truth_not_scored,-0.7853981633974483,strong,1,2026083825,16,exact,10,4,3,12,NEGATIVE_CONTROL_COMPLETE,OK,8.0,True,,,,,False,False,False,False,False,False,
negative|wrong_run_pseudo_pair|02,negative_control,wrong_run_pseudo_pair,clear_priority_crossing,-0.7853981633974483,control_truth_not_scored,0.7853981633974483,weak,0,2026083826,16,exact,10,4,3,12,NEGATIVE_CONTROL_COMPLETE,OK,,False,,,,,False,False,False,False,False,False,
negative|wrong_run_pseudo_pair|03,negative_control,wrong_run_pseudo_pair,ambiguous_priority_crossing,-0.7853981633974483,control_truth_not_scored,0.7853981633974483,strong,1,2026083827,16,exact,10,4,3,12,NEGATIVE_CONTROL_COMPLETE,OK,,False,,,,,False,False,False,False,False,True,
negative|wrong_run_pseudo_pair|04,negative_control,wrong_run_pseudo_pair,merge,0.0,control_truth_not_scored,-0.7853981633974483,weak,0,2026083828,16,exact,10,4,3,12,NEGATIVE_CONTROL_COMPLETE,OK,8.0,True,,,,,False,False,False,False,False,False,
negative|wrong_run_pseudo_pair|05,negative_control,wrong_run_pseudo_pair,same_direction_negotiation,0.0,control_truth_not_scored,-0.7853981633974483,strong,1,2026083829,16,exact,10,4,3,12,NEGATIVE_CONTROL_COMPLETE,OK,10.0,True,,,,,False,False,False,False,False,False,
negative|wrong_run_pseudo_pair|06,negative_control,wrong_run_pseudo_pair,clear_priority_crossing,0.0,control_truth_not_scored,0.7853981633974483,weak,0,2026083830,16,exact,10,4,3,12,NEGATIVE_CONTROL_COMPLETE,OK,,False,,,,,False,False,False,False,False,False,
negative|wrong_run_pseudo_pair|07,negative_control,wrong_run_pseudo_pair,ambiguous_priority_crossing,0.0,control_truth_not_scored,0.7853981633974483,strong,1,2026083831,16,exact,10,4,3,12,NEGATIVE_CONTROL_COMPLETE,OK,,False,,,,,False,False,False,False,False,True,
negative|wrong_run_pseudo_pair|08,negative_control,wrong_run_pseudo_pair,merge,0.7853981633974483,control_truth_not_scored,-0.7853981633974483,weak,0,2026083832,16,exact,10,4,3,12,NEGATIVE_CONTROL_COMPLETE,OK,8.0,True,,,,,False,False,False,False,False,False,
negative|wrong_run_pseudo_pair|09,negative_control,wrong_run_pseudo_pair,same_direction_negotiation,0.7853981633974483,control_truth_not_scored,-0.7853981633974483,strong,1,2026083833,16,exact,10,4,3,12,NEGATIVE_CONTROL_COMPLETE,OK,10.0,True,,,,,False,False,False,False,False,False,
negative|wrong_run_pseudo_pair|10,negative_control,wrong_run_pseudo_pair,clear_priority_crossing,0.7853981633974483,control_truth_not_scored,0.7853981633974483,weak,0,2026083834,16,exact,10,4,3,12,NEGATIVE_CONTROL_COMPLETE,OK,,False,,,,,False,False,False,False,False,False,
negative|wrong_run_pseudo_pair|11,negative_control,wrong_run_pseudo_pair,ambiguous_priority_crossing,0.7853981633974483,control_truth_not_scored,0.7853981633974483,strong,1,2026083835,16,exact,10,4,3,12,NEGATIVE_CONTROL_COMPLETE,OK,8.0,True,,,,,False,False,False,False,False,True,
negative|post_resolution_window|00,negative_control,post_resolution_window,same_direction_negotiation,-0.7853981633974483,control_truth_not_scored,-0.7853981633974483,weak,0,2026083836,16,exact,10,4,3,12,NEGATIVE_CONTROL_COMPLETE,OK,5.0,True,,,,,False,False,False,False,False,False,
negative|post_resolution_window|01,negative_control,post_resolution_window,clear_priority_crossing,-0.7853981633974483,control_truth_not_scored,-0.7853981633974483,strong,1,2026083837,16,exact,10,4,3,12,NEGATIVE_CONTROL_COMPLETE,OK,,False,,,,,False,False,False,False,False,False,
negative|post_resolution_window|02,negative_control,post_resolution_window,ambiguous_priority_crossing,-0.7853981633974483,control_truth_not_scored,0.7853981633974483,weak,0,2026083838,16,exact,10,4,3,12,NEGATIVE_CONTROL_COMPLETE,OK,,False,,,,,False,False,False,False,False,False,
negative|post_resolution_window|03,negative_control,post_resolution_window,merge,-0.7853981633974483,control_truth_not_scored,0.7853981633974483,strong,1,2026083839,16,exact,10,4,3,12,NEGATIVE_CONTROL_COMPLETE,OK,5.0,True,,,,,False,False,False,False,True,True,
negative|post_resolution_window|04,negative_control,post_resolution_window,same_direction_negotiation,0.0,control_truth_not_scored,-0.7853981633974483,weak,0,2026083840,16,exact,10,4,3,12,NEGATIVE_CONTROL_COMPLETE,OK,5.0,True,,,,,False,False,False,False,False,False,
negative|post_resolution_window|05,negative_control,post_resolution_window,clear_priority_crossing,0.0,control_truth_not_scored,-0.7853981633974483,strong,1,2026083841,16,exact,10,4,3,12,NEGATIVE_CONTROL_COMPLETE,OK,,False,,,,,False,False,False,False,False,False,
negative|post_resolution_window|06,negative_control,post_resolution_window,ambiguous_priority_crossing,0.0,control_truth_not_scored,0.7853981633974483,weak,0,2026083842,16,exact,10,4,3,12,NEGATIVE_CONTROL_COMPLETE,OK,9.0,True,,,,,False,False,False,False,False,False,
negative|post_resolution_window|07,negative_control,post_resolution_window,merge,0.0,control_truth_not_scored,0.7853981633974483,strong,1,2026083843,16,exact,10,4,3,12,NEGATIVE_CONTROL_COMPLETE,OK,10.0,True,,,,,False,False,False,False,True,True,
negative|post_resolution_window|08,negative_control,post_resolution_window,same_direction_negotiation,0.7853981633974483,control_truth_not_scored,-0.7853981633974483,weak,0,2026083844,16,exact,10,4,3,12,NEGATIVE_CONTROL_COMPLETE,OK,6.0,True,,,,,False,False,False,False,False,False,
negative|post_resolution_window|09,negative_control,post_resolution_window,clear_priority_crossing,0.7853981633974483,control_truth_not_scored,-0.7853981633974483,strong,1,2026083845,16,exact,10,4,3,12,NEGATIVE_CONTROL_COMPLETE,OK,,False,,,,,False,False,False,False,False,False,
negative|post_resolution_window|10,negative_control,post_resolution_window,ambiguous_priority_crossing,0.7853981633974483,control_truth_not_scored,0.7853981633974483,weak,0,2026083846,16,exact,10,4,3,12,NEGATIVE_CONTROL_COMPLETE,OK,9.0,True,,,,,False,False,False,False,False,False,
negative|post_resolution_window|11,negative_control,post_resolution_window,merge,0.7853981633974483,control_truth_not_scored,0.7853981633974483,strong,1,2026083847,16,exact,10,4,3,12,NEGATIVE_CONTROL_COMPLETE,OK,9.0,True,,,,,False,False,False,False,False,False,
