case_key,perspective,elapsed_time_s,anchor_frame_index,status,reason_code,mechanism2_gate_ok,both_gates_ok,ipv_log,lo_90,hi_90,plot_state,plot_reading_rad,plot_lower_rad,plot_upper_rad
ipv_004992,key_agent_1,0.7,7,OK,,False,False,-0.4268671279519514,-1.1787223816917969,0.9767770768211914,abstain,,,
ipv_004992,key_agent_1,0.8,8,OK,,False,False,-0.494064920718014,-1.1786303521202637,0.9767770768211914,abstain,,,
ipv_004992,key_agent_1,0.9,9,OK,,False,False,0.022211053199428277,-1.1780785323189331,0.9767770768211914,abstain,,,
ipv_004992,key_agent_1,1.0,10,ABSTAIN,NEAR_UNIFORM,False,False,,-1.1780120135353638,0.9767770768211914,abstain,,,
ipv_004992,key_agent_1,1.1,11,ABSTAIN,NEAR_UNIFORM,False,False,,-1.1780120135353638,0.9767770768211914,abstain,,,
ipv_004992,key_agent_1,1.2,12,OK,,False,False,-0.3588177732565194,-1.178321123223169,0.9767770768211914,abstain,,,
ipv_004992,key_agent_1,1.3,13,OK,,False,False,-0.34453192958170364,-1.1780785323189331,0.9767770768211914,abstain,,,
ipv_004992,key_agent_1,1.4,14,OK,,False,False,-0.3314700696392629,-1.1780120135353638,0.9767770768211914,abstain,,,
ipv_004992,key_agent_1,1.5,15,OK,,False,False,-0.3297121440102718,-1.1780120135353638,0.9767770768211914,abstain,,,
ipv_004992,key_agent_1,1.6,16,OK,,False,False,-0.323281203922064,-1.1780120135353638,0.9767770768211914,abstain,,,
ipv_004992,key_agent_1,1.7,17,OK,,False,False,-0.38686407119296584,-1.1780120135353638,0.9767770768211914,abstain,,,
ipv_004992,key_agent_1,1.8,18,OK,,False,False,-0.38269084025780775,-1.1780120135353638,0.9767770768211914,abstain,,,
ipv_004992,key_agent_1,1.9,19,OK,,False,False,-0.37193475817038624,-1.1780120135353638,0.9767770768211914,abstain,,,
ipv_004992,key_agent_1,2.0,20,OK,,False,False,-0.39340202369802085,-1.1780120135353638,0.9771676660584045,abstain,,,
ipv_004992,key_agent_1,2.1,21,OK,,False,False,-0.3543651733651372,-1.1780120135353638,0.9771676660584045,abstain,,,
ipv_004992,key_agent_1,2.2,22,OK,,False,False,-0.2798794925352638,-1.1780120135353638,0.9771676660584045,abstain,,,
ipv_004992,key_agent_1,2.3,23,OK,,False,False,-0.3643358379919142,-1.1780120135353638,0.9771676660584045,abstain,,,
ipv_004992,key_agent_1,2.4,24,OK,,False,False,-0.3352796135848195,-1.1780120135353638,0.9771676660584045,abstain,,,
ipv_004992,key_agent_1,2.5,25,OK,,False,False,-0.30472940045318514,-1.1780120135353638,0.9771676660584045,abstain,,,
ipv_004992,key_agent_1,2.6,26,OK,,False,False,-0.31975436079643965,-1.1780120135353638,0.9771676660584045,abstain,,,
ipv_004992,key_agent_1,2.7,27,OK,,False,False,-0.3084457910674776,-1.1780120135353638,0.9771676660584045,abstain,,,
ipv_004992,key_agent_1,2.8,28,OK,,False,False,-0.2941789717203416,-1.1780120135353638,0.9771676660584045,abstain,,,
ipv_004992,key_agent_1,2.9,29,OK,,False,False,-0.3017390409076418,-1.1780120135353638,0.9771676660584045,abstain,,,
ipv_004992,key_agent_1,3.0,30,OK,,False,False,-0.31156339120632587,-1.1780120135353638,0.9771676660584045,abstain,,,
ipv_004992,key_agent_1,3.1,31,OK,,False,False,-0.3159767776868091,-1.1780120135353638,0.9771676660584045,abstain,,,
ipv_004992,key_agent_1,3.2,32,OK,,False,False,-0.3285836203920745,-1.1780120135353638,0.9771676660584045,abstain,,,
ipv_004992,key_agent_1,3.3,33,OK,,False,False,-0.32945313055553577,-1.1780120135353638,0.9771676660584045,abstain,,,
ipv_004992,key_agent_1,3.4,34,OK,,False,False,-0.3494923788687119,-1.1780120135353638,0.9767770768211914,abstain,,,
ipv_004992,key_agent_1,3.5,35,OK,,False,False,-0.34869503530958457,-1.1780120135353638,0.9767770768211914,abstain,,,
ipv_004992,key_agent_1,3.6,36,OK,,False,False,-0.31826319010157433,-1.1780120135353638,0.9771676660584045,abstain,,,
ipv_004992,key_agent_1,3.7,37,OK,,False,False,-0.3170498708047317,-1.1780120135353638,0.9767770768211914,abstain,,,
ipv_004992,key_agent_1,3.8,38,OK,,False,False,-0.31420616139167734,-1.1780120135353638,0.9767770768211914,abstain,,,
ipv_004992,key_agent_1,3.9,39,OK,,False,False,-0.307533527281199,-1.1780120135353638,0.9767770768211914,abstain,,,
ipv_004992,key_agent_1,4.0,40,OK,,False,False,-0.26275442653028613,-1.1780120135353638,0.9767770768211914,abstain,,,
ipv_004992,key_agent_1,4.1,41,OK,,False,False,-0.2837251284089285,-1.1780120135353638,0.9767770768211914,abstain,,,
ipv_004992,key_agent_1,4.2,42,OK,,False,False,-0.29010932950530466,-1.1780120135353638,0.9767770768211914,abstain,,,
ipv_004992,key_agent_1,4.3,43,OK,,False,False,-0.3006728301532564,-1.1780120135353638,0.9767770768211914,abstain,,,
ipv_004992,key_agent_1,4.4,44,OK,,False,False,-0.2884045953478481,-1.1780120135353638,0.9692275525139404,abstain,,,
ipv_004992,key_agent_1,4.5,45,OK,,False,False,-0.2948091045109269,-1.1780785323189331,0.9692275525139404,abstain,,,
ipv_004992,key_agent_1,4.6,46,OK,,False,False,-0.3104319676486411,-1.1780120135353638,0.9692275525139404,abstain,,,
ipv_004992,key_agent_1,4.7,47,OK,,False,False,-0.3106309329647869,-1.1780120135353638,0.9692275525139404,abstain,,,
ipv_004992,key_agent_1,4.8,48,OK,,False,False,-0.317183454630207,-1.1780120135353638,0.9692275525139404,abstain,,,
ipv_004992,key_agent_1,4.9,49,OK,,False,False,-0.34716922816138307,-1.1780120135353638,0.9692275525139404,abstain,,,
ipv_004992,key_agent_1,5.0,50,OK,,False,False,-0.38669730656075024,-1.1780120135353638,0.9692275525139404,abstain,,,
ipv_004992,key_agent_1,5.1,51,OK,,False,False,-0.3403772150933785,-1.1780120135353638,0.9682735205696655,abstain,,,
ipv_004992,key_agent_1,5.2,52,OK,,False,False,-0.34017292536322685,-1.1780120135353638,0.9682735205696655,abstain,,,
ipv_004992,key_agent_1,5.3,53,OK,,False,False,-0.3354382467418284,-1.1780120135353638,0.9682735205696655,abstain,,,
ipv_004992,key_agent_1,5.4,54,OK,,False,False,-0.3548365889207479,-1.1780120135353638,0.9682735205696655,abstain,,,
ipv_004992,key_agent_1,5.5,55,OK,,False,False,-0.3842969548572126,-1.1780120135353638,0.9682735205696655,abstain,,,
ipv_004992,key_agent_1,5.6,56,OK,,False,False,-0.3919291657886927,-1.1780120135353638,0.9682735205696655,abstain,,,
ipv_004992,key_agent_1,5.7,57,OK,,False,False,-0.3994568026036739,-1.1780785323189331,0.9682735205696655,abstain,,,
ipv_004992,key_agent_1,5.8,58,OK,,False,False,-0.43600558348469554,-1.1780762673424316,0.9675958157585693,abstain,,,
ipv_004992,key_agent_1,5.9,59,OK,,False,False,-0.4411709153379163,-1.1780762673424316,0.9675958157585693,abstain,,,
ipv_004992,key_agent_1,6.0,60,OK,,False,False,-0.47333690522698757,-1.1780762673424316,0.9675958157585693,abstain,,,
ipv_004992,key_agent_1,6.1,61,OK,,False,False,-0.5651815422945011,-1.1779626608894898,0.9675958157585693,abstain,,,
ipv_004992,key_agent_1,6.2,62,OK,,False,False,-0.6608146382966668,-1.1779626608894898,0.9675958157585693,abstain,,,
ipv_004992,key_agent_1,6.3,63,OK,,False,False,-0.6961961514472859,-1.1779626608894898,0.9675958157585693,abstain,,,
ipv_004992,key_agent_1,6.4,64,OK,,False,False,-0.7296883775328777,-1.1779626608894898,0.9675958157585693,abstain,,,
ipv_004992,key_agent_1,6.5,65,OK,,False,False,-0.7593914172579094,-1.1779626608894898,0.9675958157585693,abstain,,,
ipv_004992,key_agent_1,6.6,66,OK,,False,False,-0.7609061207329852,-1.1779626608894898,0.9675958157585693,abstain,,,
ipv_004992,key_agent_1,6.7,67,OK,,False,False,-0.7678719634761778,-1.1780054570244385,0.9675958157585693,abstain,,,
ipv_004992,key_agent_1,6.8,68,OK,,False,False,-0.7788399068224319,-1.1780054570244385,0.9675958157585693,abstain,,,
ipv_004992,key_agent_1,6.9,69,OK,,False,False,-0.7914555063808032,-1.1780054570244385,0.9675958157585693,abstain,,,
ipv_004992,key_agent_1,7.0,70,OK,,False,False,-0.7750334199189852,-1.1780054570244385,0.9675958157585693,abstain,,,
ipv_004992,key_agent_1,7.1,71,OK,,False,False,-0.7752123814477595,-1.1780054570244385,0.9675958157585693,abstain,,,
ipv_004992,key_agent_1,7.2,72,OK,,False,False,-0.7870293871939245,-1.1780054570244385,0.9675958157585693,abstain,,,
ipv_004992,key_agent_1,7.3,73,OK,,False,False,-0.8199190722234929,-1.1780054570244385,0.9675958157585693,abstain,,,
ipv_004992,key_agent_1,7.4,74,OK,,False,False,-0.8301223835932818,-1.1779249907539917,0.9675958157585693,abstain,,,
ipv_004992,key_agent_1,7.5,75,OK,,False,False,-0.8328962479815641,-1.1779249907539917,0.9675958157585693,abstain,,,
ipv_004992,key_agent_1,7.6,76,OK,,False,False,-0.8014917440798403,-1.1779916287468506,0.9675958157585693,abstain,,,
ipv_004992,key_agent_1,7.7,77,OK,,False,False,-0.8400945194479691,-1.1779249907539917,0.9675958157585693,abstain,,,
ipv_004992,key_agent_1,7.8,78,OK,,False,False,-0.8206093426017106,-1.1779249907539917,0.9675958157585693,abstain,,,
ipv_004992,key_agent_1,7.9,79,OK,,False,False,-0.8201154808803446,-1.1779249907539917,0.9675958157585693,abstain,,,
ipv_004992,key_agent_1,8.0,80,OK,,False,False,-0.8160673572635605,-1.1779249907539917,0.9675958157585693,abstain,,,
ipv_004992,key_agent_1,8.1,81,OK,,False,False,-0.7942321488603188,-1.1779249907539917,0.9675958157585693,abstain,,,
ipv_004992,key_agent_1,8.2,82,OK,,False,False,-0.7922141276708979,-1.1779249907539917,0.9675958157585693,abstain,,,
ipv_004992,key_agent_1,8.3,83,OK,,False,False,-0.749061710209147,-1.1779249907539917,0.9675958157585693,abstain,,,
ipv_004992,key_agent_1,8.4,84,OK,,False,False,-0.7112207203106294,-1.1779353619621826,0.9667781592415405,abstain,,,
ipv_004992,key_agent_1,8.5,85,OK,,False,False,-0.674617458899943,-1.1198694706963135,0.9442381859825684,abstain,,,
ipv_004992,key_agent_1,8.6,86,OK,,False,False,-0.6237709664907817,-1.1198694706963135,0.9442381859825684,abstain,,,
ipv_004992,key_agent_1,8.7,87,OK,,False,False,-0.6299808809071754,-1.1198694706963135,0.9442381859825684,abstain,,,
ipv_004992,key_agent_1,8.8,88,OK,,False,False,-0.5867577647607849,-1.1198694706963135,0.9442381859825684,abstain,,,
ipv_004992,key_agent_1,8.9,89,OK,,False,False,-0.563616226949886,-1.1198694706963135,0.9442381859825684,abstain,,,
ipv_004992,key_agent_1,9.0,90,OK,,False,False,-0.5426247010201513,-1.1272205115364624,0.9442381859825684,abstain,,,
ipv_004992,key_agent_1,9.1,91,OK,,False,False,-0.4835368642893336,-1.1272205115364624,0.9442381859825684,abstain,,,
ipv_004992,key_agent_1,9.2,92,OK,,False,False,-0.4977346234222947,-1.1266027689980103,0.9442381859825684,abstain,,,
ipv_004992,key_agent_1,9.3,93,OK,,False,False,-0.4966969893418637,-1.1266027689980103,0.9442381859825684,abstain,,,
ipv_004992,key_agent_1,9.4,94,OK,,False,False,-0.4665532672249366,-1.1266027689980103,0.9442381859825684,abstain,,,
ipv_004992,key_agent_1,9.5,95,OK,,False,False,-0.43737259489770547,-1.1271263361977173,0.9442381859825684,abstain,,,
ipv_004992,key_agent_1,9.6,96,OK,,False,False,-0.42527988055585875,-1.1271263361977173,0.9442381859825684,abstain,,,
ipv_004992,key_agent_1,9.7,97,OK,,False,False,-0.2787830797294739,-1.1271263361977173,0.9442381859825684,abstain,,,
ipv_004992,key_agent_1,9.8,98,OK,,False,False,-0.2486946712336357,-1.1271263361977173,0.9442381859825684,abstain,,,
ipv_004992,key_agent_1,9.9,99,OK,,False,False,-0.2170193688377218,-1.1271263361977173,0.9442381859825684,abstain,,,
ipv_004992,key_agent_1,10.0,100,OK,,False,False,-0.19457835880325303,-1.1271263361977173,0.9442381859825684,abstain,,,
ipv_004992,key_agent_1,10.1,101,OK,,False,False,-0.17784821320051855,-1.1271263361977173,0.9442381859825684,abstain,,,
ipv_004992,key_agent_1,10.2,102,OK,,False,False,-0.15993440689058955,-1.1271263361977173,0.9442381859825684,abstain,,,
ipv_004992,key_agent_1,10.3,103,OK,,False,False,-0.1268096092993163,-1.1271263361977173,0.9442381859825684,abstain,,,
ipv_004992,key_agent_1,10.4,104,OK,,False,False,-0.11262345506121195,-1.1271263361977173,0.9442381859825684,abstain,,,
ipv_004992,key_agent_1,10.5,105,OK,,False,False,-0.11391058686169432,-1.1271263361977173,0.9442381859825684,abstain,,,
ipv_004992,key_agent_1,10.6,106,OK,,False,False,-0.12465104182549862,-1.1271263361977173,0.9442381859825684,abstain,,,
ipv_004992,key_agent_1,10.7,107,OK,,False,False,-0.14566431376669584,-1.1271263361977173,0.9442381859825684,abstain,,,
ipv_004992,key_agent_1,10.8,108,OK,,False,False,-0.10316734760984088,-1.1271263361977173,0.9442381859825684,abstain,,,
ipv_004992,key_agent_1,10.9,109,OK,,False,False,-0.15037679650454172,-1.1271263361977173,0.9442381859825684,abstain,,,
ipv_004992,key_agent_1,11.0,110,OK,,False,False,-0.0785202332170396,-1.1271263361977173,0.9442381859825684,abstain,,,
ipv_004992,key_agent_1,11.1,111,OK,,False,False,-0.07792039994523314,-1.1271263361977173,0.9442381859825684,abstain,,,
ipv_004992,key_agent_1,11.2,112,OK,,False,False,-0.06348992888849966,-1.1271263361977173,0.9442381859825684,abstain,,,
ipv_004992,key_agent_1,11.3,113,OK,,False,False,-0.0638182857957081,-1.1271263361977173,0.947094738583429,abstain,,,
ipv_004992,key_agent_1,11.4,114,OK,,False,False,-0.06520511929110413,-1.1271263361977173,0.947094738583429,abstain,,,
ipv_004992,key_agent_1,11.5,115,OK,,False,False,-0.04904301484971966,-1.1271263361977173,0.947094738583429,abstain,,,
ipv_004992,key_agent_1,11.6,116,OK,,False,False,-0.050298061152005295,-1.1271263361977173,0.947094738583429,abstain,,,
ipv_004992,key_agent_1,11.7,117,OK,,False,False,-0.04692044334642692,-1.1271263361977173,0.947094738583429,abstain,,,
ipv_004992,key_agent_1,11.8,118,OK,,False,False,-0.0341803920215262,-1.1271263361977173,0.947094738583429,abstain,,,
ipv_004992,key_agent_1,11.9,119,OK,,False,False,-0.032533882901860475,-1.1271263361977173,0.947094738583429,abstain,,,
ipv_004992,key_agent_1,12.0,120,OK,,False,False,-0.013206233518777324,-1.1271263361977173,0.947094738583429,abstain,,,
ipv_004992,key_agent_1,12.1,121,OK,,False,False,0.03355071602786976,-1.1271263361977173,0.947094738583429,abstain,,,
ipv_004992,key_agent_1,12.2,122,OK,,False,False,0.05494279902816195,-1.1271263361977173,0.947094738583429,abstain,,,
ipv_004992,key_agent_1,12.3,123,OK,,False,False,0.05833365494199341,-1.1271263361977173,0.947094738583429,abstain,,,
ipv_004992,key_agent_1,12.4,124,OK,,False,False,0.05840211670979931,-1.1657158137367798,0.947094738583429,abstain,,,
ipv_004992,key_agent_1,12.5,125,OK,,False,False,0.0896205398363556,-1.1657166482018066,0.947094738583429,abstain,,,
ipv_004992,key_agent_1,12.6,126,OK,,False,False,0.09686297734133645,-1.1778457165764404,0.947094738583429,abstain,,,
ipv_004992,key_agent_1,12.7,127,OK,,False,False,0.10222548578761516,-1.1778457165764404,0.947094738583429,abstain,,,
ipv_004992,key_agent_1,12.8,128,OK,,False,False,0.1095443921675927,-1.1778457165764404,0.947094738583429,abstain,,,
ipv_004992,key_agent_1,12.9,129,OK,,False,False,0.13145486532862188,-1.1778457165764404,0.947094738583429,abstain,,,
ipv_004992,key_agent_1,13.0,130,OK,,False,False,0.14948704700251583,-1.1778457165764404,0.947094738583429,abstain,,,
ipv_004992,key_agent_1,13.1,131,OK,,False,False,0.168965077408604,-1.1703391076134277,0.947094738583429,abstain,,,
ipv_004992,key_agent_1,13.2,132,OK,,True,True,0.16955304642084626,-1.1703391076134277,0.947094738583429,W,0.16955304642084626,-1.1703391076134277,0.947094738583429
ipv_004992,key_agent_1,13.3,133,OK,,True,True,0.2196534963013394,-1.1704630852745606,0.947094738583429,W,0.2196534963013394,-1.1704630852745606,0.947094738583429
ipv_004992,key_agent_1,13.4,134,OK,,True,True,0.2352198950003523,-1.1704630852745606,0.947094738583429,W,0.2352198950003523,-1.1704630852745606,0.947094738583429
ipv_004992,key_agent_1,13.5,135,OK,,True,True,0.2523936667250024,-1.1707733870552612,0.947094738583429,W,0.2523936667250024,-1.1707733870552612,0.947094738583429
ipv_004992,key_agent_1,13.6,136,OK,,True,True,0.270460529957102,-1.1707733870552612,0.947094738583429,W,0.270460529957102,-1.1707733870552612,0.947094738583429
ipv_004992,key_agent_1,13.7,137,OK,,True,True,0.28387825607469186,-1.1709115506218506,0.947094738583429,W,0.28387825607469186,-1.1709115506218506,0.947094738583429
ipv_004992,key_agent_1,13.8,138,OK,,True,True,0.3741192246639893,-1.1709115506218506,0.947094738583429,W,0.3741192246639893,-1.1709115506218506,0.947094738583429
ipv_004992,key_agent_1,13.9,139,OK,,True,True,0.32117734444249624,-1.1709115506218506,0.9988796711968018,W,0.32117734444249624,-1.1709115506218506,0.9988796711968018
ipv_004992,key_agent_1,14.0,140,OK,,True,True,0.35460656060701423,-1.1709115506218506,0.9988796711968018,W,0.35460656060701423,-1.1709115506218506,0.9988796711968018
ipv_004992,key_agent_1,14.1,141,OK,,True,True,0.42640125509873694,-1.1708875895546509,0.9988796711968018,W,0.42640125509873694,-1.1708875895546509,0.9988796711968018
ipv_004992,key_agent_1,14.2,142,OK,,True,True,0.3722414513160101,-1.1708875895546509,0.9988796711968018,W,0.3722414513160101,-1.1708875895546509,0.9988796711968018
ipv_004992,key_agent_1,14.3,143,OK,,True,True,0.3372297658400901,-1.1785352231072022,0.9988796711968018,W,0.3372297658400901,-1.1785352231072022,0.9988796711968018
ipv_004992,key_agent_1,14.4,144,OK,,True,True,0.3599252891483068,-1.1785352231072022,0.9988796711968018,W,0.3599252891483068,-1.1785352231072022,0.9988796711968018
ipv_004992,key_agent_1,14.5,145,OK,,True,True,0.4220085005343698,-1.1785352231072022,0.9988796711968018,W,0.4220085005343698,-1.1785352231072022,0.9988796711968018
ipv_004992,key_agent_1,14.6,146,OK,,True,True,0.3900474739983986,-1.1785387993858887,0.9988796711968018,W,0.3900474739983986,-1.1785387993858887,0.9988796711968018
ipv_004992,key_agent_1,14.7,147,OK,,True,True,0.3941057035167876,-1.1785249711083008,0.9988796711968018,W,0.3941057035167876,-1.1785249711083008,0.9988796711968018
ipv_004992,key_agent_1,14.8,148,OK,,True,True,0.3837091113731102,-1.1785387993858887,0.9988796711968018,W,0.3837091113731102,-1.1785387993858887,0.9988796711968018
ipv_004992,key_agent_1,14.9,149,OK,,True,True,0.3715689526422131,-1.1785387993858887,0.9988796711968018,W,0.3715689526422131,-1.1785387993858887,0.9988796711968018
ipv_004992,key_agent_1,15.0,150,OK,,True,True,0.38342669166890636,-1.1785387993858887,0.9988796711968018,W,0.38342669166890636,-1.1785387993858887,0.9988796711968018
ipv_004992,key_agent_1,15.1,151,OK,,True,True,0.4099293314926752,-1.1785387993858887,0.9988796711968018,W,0.4099293314926752,-1.1785387993858887,0.9988796711968018
ipv_004992,key_agent_1,15.2,152,OK,,True,True,0.3765613837489752,-1.1785790921257568,0.9988796711968018,W,0.3765613837489752,-1.1785790921257568,0.9988796711968018
ipv_004992,key_agent_1,15.3,153,OK,,True,True,0.3825822147558448,-1.1785855294273926,0.947094738583429,W,0.3825822147558448,-1.1785855294273926,0.947094738583429
ipv_004992,key_agent_1,15.4,154,OK,,True,True,0.37892915954528705,-1.1787664891289307,0.947094738583429,W,0.37892915954528705,-1.1787664891289307,0.947094738583429
ipv_004992,key_agent_1,15.5,155,OK,,True,True,0.3933457267495658,-1.1637452841805054,0.947094738583429,W,0.3933457267495658,-1.1637452841805054,0.947094738583429
ipv_004992,key_agent_1,15.6,156,OK,,True,True,0.41423078363048127,-1.169937014679773,0.947094738583429,W,0.41423078363048127,-1.169937014679773,0.947094738583429
ipv_004992,key_agent_1,15.7,157,OK,,True,True,0.38656259523902947,-1.182957649330957,0.947094738583429,W,0.38656259523902947,-1.182957649330957,0.947094738583429
ipv_004992,key_agent_1,15.8,158,OK,,True,True,0.4025196504671498,-1.169937014679773,0.947094738583429,W,0.4025196504671498,-1.169937014679773,0.947094738583429
ipv_004992,key_agent_1,15.9,159,OK,,True,True,0.47224539571244384,-1.169937014679773,0.947094738583429,W,0.47224539571244384,-1.169937014679773,0.947094738583429
ipv_004992,key_agent_1,16.0,160,OK,,True,True,0.3865193493493188,-1.1701740027474,0.947094738583429,W,0.3865193493493188,-1.1701740027474,0.947094738583429
ipv_004992,key_agent_1,16.1,161,OK,,True,True,0.40619703554506986,-1.1714895964668823,1.0082743168877197,W,0.40619703554506986,-1.1714895964668823,1.0082743168877197
ipv_004992,key_agent_1,16.2,162,OK,,True,True,0.5162413938588932,-1.1906286479042603,1.0082743168877197,W,0.5162413938588932,-1.1906286479042603,1.0082743168877197
ipv_004992,key_agent_1,16.3,163,OK,,True,True,0.39261446599219224,-1.1907644272850586,1.0082743168877197,W,0.39261446599219224,-1.1907644272850586,1.0082743168877197
ipv_004992,key_agent_1,16.4,164,OK,,True,True,0.4613965649057655,-1.1907644272850586,1.0119708777474,W,0.4613965649057655,-1.1907644272850586,1.0119708777474
ipv_004992,key_agent_1,16.5,165,OK,,True,True,0.5134284816149131,-1.1909313202904297,1.0119708777474,W,0.5134284816149131,-1.1909313202904297,1.0119708777474
ipv_004992,key_agent_1,16.6,166,OK,,True,True,0.5068036966768663,-1.1909313202904297,1.0249091387795044,W,0.5068036966768663,-1.1909313202904297,1.0249091387795044
ipv_004992,key_agent_1,16.7,167,OK,,True,True,0.45480893970763825,-1.1907421351479126,0.9731242657707764,W,0.45480893970763825,-1.1907421351479126,0.9731242657707764
ipv_004992,key_agent_1,16.8,168,OK,,True,True,0.6828791019692203,-1.1718086005257202,0.9731242657707764,W,0.6828791019692203,-1.1718086005257202,0.9731242657707764
ipv_004992,key_agent_1,16.9,169,OK,,True,True,0.7677131975424479,-1.170061469178064,0.9731242657707764,W,0.7677131975424479,-1.170061469178064,0.9731242657707764
ipv_004992,key_agent_1,17.0,170,OK,,True,True,0.771793006041873,-1.170061469178064,0.9731242657707764,W,0.771793006041873,-1.170061469178064,0.9731242657707764
ipv_004992,key_agent_1,17.1,171,OK,,False,False,0.7719346839105028,-1.1830822230385376,0.9731242657707764,abstain,,,
ipv_004992,key_agent_1,17.2,172,OK,,False,False,0.7705249393589526,-1.1830822230385376,0.9731242657707764,abstain,,,
ipv_004992,key_agent_1,17.3,173,OK,,True,True,0.7442537965606978,-1.183276653389795,0.9731242657707764,W,0.7442537965606978,-1.183276653389795,0.9731242657707764
ipv_004992,key_agent_1,17.4,174,OK,,True,True,0.7060909748758433,-1.1924686432884766,0.9870530963944031,W,0.7060909748758433,-1.1924686432884766,0.9870530963944031
ipv_004992,key_agent_1,17.5,175,OK,,True,True,0.6841798474211632,-1.1931496859596802,0.9870530963944031,W,0.6841798474211632,-1.1931496859596802,0.9870530963944031
ipv_004992,key_agent_1,17.6,176,OK,,True,True,0.6118452915987542,-1.193054437737329,1.0157132149742676,W,0.6118452915987542,-1.193054437737329,1.0157132149742676
ipv_004992,key_agent_1,17.7,177,OK,,True,True,0.35645091081308283,-1.2032432557152344,1.0157132149742676,W,0.35645091081308283,-1.2032432557152344,1.0157132149742676
ipv_004992,key_agent_1,17.8,178,OK,,True,True,0.19795737035318167,-1.2032432557152344,1.0157132149742676,W,0.19795737035318167,-1.2032432557152344,1.0157132149742676
ipv_004992,key_agent_1,17.9,179,OK,,True,True,0.009715036969013126,-1.1949365140007568,1.0218086243675781,W,0.009715036969013126,-1.1949365140007568,1.0218086243675781
ipv_004992,key_agent_1,18.0,180,OK,,True,True,-0.15983837718500313,-1.1949365140007568,1.0218086243675781,W,-0.15983837718500313,-1.1949365140007568,1.0218086243675781
ipv_004992,key_agent_1,18.1,181,OK,,False,False,-0.2058169125610975,-1.1949365140007568,1.0218086243675781,abstain,,,
ipv_004992,key_agent_1,18.2,182,OK,,True,True,-0.31604436437224553,-1.2256672383354736,1.0218086243675781,W,-0.31604436437224553,-1.2256672383354736,1.0218086243675781
ipv_004992,key_agent_1,18.3,183,OK,,True,True,-0.39681374137051456,-1.1926178933189941,1.0218086243675781,W,-0.39681374137051456,-1.1926178933189941,1.0218086243675781
ipv_004992,key_agent_1,18.4,184,OK,,True,True,-0.45236963423107,-1.191408395867212,1.0218086243675781,W,-0.45236963423107,-1.191408395867212,1.0218086243675781
ipv_004992,key_agent_1,18.5,185,OK,,True,True,-0.39513563210860414,-1.190643072228296,1.0218086243675781,W,-0.39513563210860414,-1.190643072228296,1.0218086243675781
ipv_004992,key_agent_1,18.6,186,OK,,True,True,-0.39728775234471025,-1.1790754796074463,1.0218086243675781,W,-0.39728775234471025,-1.1790754796074463,1.0218086243675781
ipv_004992,key_agent_1,18.7,187,ABSTAIN,NEAR_UNIFORM,True,False,,-1.114089012245996,1.0218086243675781,abstain,,,
ipv_004992,key_agent_1,18.8,188,OK,,True,True,0.4453192498468835,-1.0407671929405762,1.0218086243675781,W,0.4453192498468835,-1.0407671929405762,1.0218086243675781
ipv_004992,key_agent_1,18.9,189,OK,,True,True,1.1780969235514551,-0.986236572365625,1.0218086243675781,C,1.1780969235514551,-0.986236572365625,1.0218086243675781
ipv_004992,key_agent_1,19.0,190,OK,,True,True,1.1639273307483624,-0.9070515037582947,1.0218086243675781,C,1.1639273307483624,-0.9070515037582947,1.0218086243675781
ipv_004992,key_agent_1,19.1,191,OK,,True,True,0.8084132741381428,-0.8847169877098633,1.0224379302071167,W,0.8084132741381428,-0.8847169877098633,1.0224379302071167
ipv_004992,key_agent_1,19.2,192,OK,,True,True,0.4264154660950934,-0.8847169877098633,1.0224379302071167,W,0.4264154660950934,-0.8847169877098633,1.0224379302071167
ipv_004992,key_agent_1,19.3,193,OK,,True,True,0.36710962128815855,-0.8847169877098633,1.0224379302071167,W,0.36710962128815855,-0.8847169877098633,1.0224379302071167
ipv_004992,key_agent_1,19.4,194,OK,,True,True,0.3850380700098998,-0.893184244732721,1.0224379302071167,W,0.3850380700098998,-0.893184244732721,1.0224379302071167
ipv_004992,key_agent_1,19.5,195,OK,,True,True,0.327106760964482,-0.893184244732721,1.037165641884668,W,0.327106760964482,-0.893184244732721,1.037165641884668
ipv_004992,key_agent_1,19.6,196,OK,,True,True,0.12791142325976057,-0.9900422693298889,1.0253689290093018,W,0.12791142325976057,-0.9900422693298889,1.0253689290093018
ipv_004992,key_agent_1,19.7,197,OK,,False,False,0.10385858555566904,-1.1143088341759277,1.0085055829094483,abstain,,,
ipv_004992,key_agent_1,19.8,198,OK,,False,False,0.14491152412926173,-1.189595103363855,0.9961965085075928,abstain,,,
ipv_004992,key_agent_1,19.9,199,OK,,False,False,0.28982479884460993,-1.1998555661247803,1.026427984337671,abstain,,,
ipv_004992,key_agent_1,20.0,200,OK,,False,False,0.3293587673966003,-1.2036060095833374,1.0382246972130371,abstain,,,
ipv_004992,key_agent_1,20.1,201,OK,,False,False,0.3425650594565336,-1.2017008067177368,1.0382246972130371,abstain,,,
ipv_004992,key_agent_1,20.2,202,OK,,False,False,0.37152073583530687,-1.247373104195459,1.0382246972130371,abstain,,,
ipv_004992,key_agent_1,20.3,203,OK,,False,False,0.4108772389701608,-1.1960997582481934,1.0505337716148926,abstain,,,
ipv_004992,key_agent_1,20.4,204,OK,,False,False,0.5314384640238465,-1.1960997582481934,1.0505337716148926,abstain,,,
ipv_004992,key_agent_1,20.5,205,OK,,False,False,0.4862798684476234,-1.1958974600838257,1.0505337716148926,abstain,,,
ipv_004992,key_agent_1,20.6,206,OK,,False,False,0.45367223720968,-1.1343594790505005,1.0505337716148926,abstain,,,
ipv_004992,key_agent_1,20.7,207,OK,,False,False,1.1775763903527174,-1.0954139233635498,1.0505337716148926,abstain,,,
ipv_004992,key_agent_1,20.8,208,OK,,False,False,1.1654173577736338,-1.1802785397575928,1.0505337716148926,abstain,,,
ipv_004992,key_agent_1,20.9,209,OK,,False,False,0.8785199468857476,-1.10434091101156,1.0505337716148926,abstain,,,
ipv_004992,key_agent_1,21.0,210,OK,,False,False,1.175469925798627,-0.9872251750038696,1.0505337716148926,abstain,,,
ipv_004992,key_agent_1,21.1,211,OK,,False,False,1.1779107332623164,-0.8569040299461914,1.0505337716148926,abstain,,,
ipv_004992,key_agent_1,21.2,212,OK,,False,False,1.1780965589169896,-0.7457558513687683,1.0375953913734985,abstain,,,
ipv_004992,key_agent_1,21.3,213,OK,,False,False,0.9509275440701102,-0.6867327095078064,1.0338988305138184,abstain,,,
ipv_004992,key_agent_1,21.4,214,OK,,False,False,0.912087270569511,-0.6558717490242554,1.0338988305138184,abstain,,,
ipv_004992,key_agent_1,21.5,215,OK,,False,False,0.4850127163663316,-0.6713894010590149,1.0338988305138184,abstain,,,
ipv_004992,key_agent_1,21.6,216,OK,,False,False,0.652073625264391,-0.6113545895622803,1.0338988305138184,abstain,,,
ipv_004992,key_agent_1,21.7,217,ABSTAIN,NEAR_UNIFORM,False,False,,-0.6136258245514465,1.0364829302834107,abstain,,,
ipv_004992,key_agent_1,21.8,218,OK,,False,False,-0.02237439780194711,-0.564719557862146,0.9819258452461792,abstain,,,
ipv_004992,key_agent_1,21.9,219,ABSTAIN,NEAR_UNIFORM,False,False,,-0.5595537425087524,0.9819258452461792,abstain,,,
ipv_004992,key_agent_1,22.0,220,ABSTAIN,NEAR_UNIFORM,False,False,,-0.5335579515503479,0.9856224061058594,abstain,,,
ipv_004992,key_agent_1,22.1,221,ABSTAIN,NEAR_UNIFORM,False,False,,-0.5335579515503479,0.9819258452461792,abstain,,,
ipv_004992,key_agent_1,22.2,222,ABSTAIN,NEAR_UNIFORM,False,False,,-0.4667024613426758,0.9818080068634583,abstain,,,
ipv_004992,key_agent_1,22.3,223,ABSTAIN,NEAR_UNIFORM,False,False,,-0.4616815746830536,1.036365032296045,abstain,,,
ipv_004992,key_agent_1,22.4,224,ABSTAIN,NEAR_UNIFORM,False,False,,-0.48921218524442445,1.0323957205818726,abstain,,,
ipv_004992,key_agent_1,22.5,225,ABSTAIN,NEAR_UNIFORM,False,False,,-0.47055187831388245,1.0280721188591553,abstain,,,
ipv_004992,key_agent_1,22.6,226,OK,,False,False,0.0,-0.43343326459394227,1.0280721188591553,abstain,,,
ipv_004992,key_agent_1,22.7,227,OK,,False,False,5.551115123125783e-17,-0.43343326459394227,1.038844108681543,abstain,,,
