case_key,perspective,elapsed_time_s,ego_px_anchor,ego_py_anchor,counterpart_px_anchor,counterpart_py_anchor,ego_local_x_m,ego_local_y_m,counterpart_local_x_m,counterpart_local_y_m,shown,origin_x_m,origin_y_m
ipv_004992,key_agent_1,0.7,-826.0038452148438,1258.249755859375,-917.0158081054688,1385.064453125,115.03424072265625,-158.72735595703148,24.02227783203125,-31.912658691406477,False,-941.0380859375,1416.9771118164065
ipv_004992,key_agent_1,0.8,-826.7506713867188,1259.28857421875,-916.8563842773438,1384.872436523438,114.28741455078125,-157.68853759765648,24.18170166015625,-32.10467529296852,False,-941.0380859375,1416.9771118164065
ipv_004992,key_agent_1,0.9,-827.7786254882812,1260.691040039062,-917.0789794921876,1385.113525390625,113.25946044921875,-156.28607177734443,23.959106445312386,-31.863586425781477,False,-941.0380859375,1416.9771118164065
ipv_004992,key_agent_1,1.0,-828.7054443359375,1261.85009765625,-917.2109985351562,1385.241088867188,112.3326416015625,-155.12701416015648,23.82708740234375,-31.736022949218523,False,-941.0380859375,1416.9771118164065
ipv_004992,key_agent_1,1.1,-829.6480712890625,1263.24462890625,-917.3086547851562,1385.33154296875,111.3900146484375,-153.73248291015648,23.72943115234375,-31.645568847656477,False,-941.0380859375,1416.9771118164065
ipv_004992,key_agent_1,1.2,-830.30810546875,1264.384155273438,-917.0989379882812,1385.013671875,110.72998046875,-152.59295654296852,23.93914794921875,-31.963439941406477,False,-941.0380859375,1416.9771118164065
ipv_004992,key_agent_1,1.3,-830.9783325195312,1264.996826171875,-916.826904296875,1384.81396484375,110.05975341796875,-151.98028564453148,24.211181640625,-32.16314697265648,False,-941.0380859375,1416.9771118164065
ipv_004992,key_agent_1,1.4,-831.8003540039062,1266.207885742188,-916.6996459960938,1384.70751953125,109.23773193359375,-150.76922607421852,24.33843994140625,-32.26959228515648,False,-941.0380859375,1416.9771118164065
ipv_004992,key_agent_1,1.5,-832.7918701171875,1267.623291015625,-916.91455078125,1385.022583007812,108.2462158203125,-149.35382080078148,24.12353515625,-31.954528808594432,False,-941.0380859375,1416.9771118164065
ipv_004992,key_agent_1,1.6,-833.6077270507812,1268.680297851562,-916.770263671875,1384.847412109375,107.43035888671875,-148.29681396484443,24.267822265625,-32.12969970703148,False,-941.0380859375,1416.9771118164065
ipv_004992,key_agent_1,1.7,-834.5578002929688,1269.9677734375,-916.6898193359376,1384.742553710938,106.48028564453125,-147.00933837890648,24.348266601562386,-32.23455810546852,False,-941.0380859375,1416.9771118164065
ipv_004992,key_agent_1,1.8,-835.4065551757812,1271.150512695312,-916.892578125,1385.084716796875,105.63153076171875,-145.82659912109443,24.1455078125,-31.892395019531477,False,-941.0380859375,1416.9771118164065
ipv_004992,key_agent_1,1.9,-836.2682495117188,1272.26416015625,-917.020751953125,1385.277465820312,104.76983642578125,-144.71295166015648,24.017333984375,-31.699645996094432,False,-941.0380859375,1416.9771118164065
ipv_004992,key_agent_1,2.0,-837.1136474609375,1273.388793945312,-917.1272583007812,1385.380615234375,103.9244384765625,-143.58831787109443,23.91082763671875,-31.596496582031477,False,-941.0380859375,1416.9771118164065
ipv_004992,key_agent_1,2.1,-837.9420776367188,1274.506591796875,-917.168212890625,1385.488037109375,103.09600830078125,-142.47052001953148,23.869873046875,-31.489074707031477,False,-941.0380859375,1416.9771118164065
ipv_004992,key_agent_1,2.2,-838.7749633789062,1275.593383789062,-917.2090454101562,1385.52783203125,102.26312255859375,-141.38372802734443,23.82904052734375,-31.449279785156477,False,-941.0380859375,1416.9771118164065
ipv_004992,key_agent_1,2.3,-839.5823364257812,1276.68310546875,-917.1358032226562,1385.291870117188,101.45574951171875,-140.29400634765648,23.90228271484375,-31.685241699218523,False,-941.0380859375,1416.9771118164065
ipv_004992,key_agent_1,2.4,-840.3786010742188,1277.720825195312,-916.9707641601562,1384.974853515625,100.65948486328125,-139.25628662109443,24.06732177734375,-32.00225830078148,False,-941.0380859375,1416.9771118164065
ipv_004992,key_agent_1,2.5,-841.16357421875,1278.777954101562,-917.1243286132812,1385.179565429688,99.87451171875,-138.19915771484443,23.91375732421875,-31.797546386718523,False,-941.0380859375,1416.9771118164065
ipv_004992,key_agent_1,2.6,-841.8551025390625,1279.79150390625,-917.0973510742188,1385.323120117188,99.1829833984375,-137.18560791015648,23.94073486328125,-31.653991699218523,False,-941.0380859375,1416.9771118164065
ipv_004992,key_agent_1,2.7,-842.66064453125,1280.880493164062,-917.12548828125,1385.422119140625,98.37744140625,-136.09661865234443,23.91259765625,-31.554992675781477,False,-941.0380859375,1416.9771118164065
ipv_004992,key_agent_1,2.8,-843.4014892578125,1281.88525390625,-917.1200561523438,1385.500610351562,97.6365966796875,-135.09185791015648,23.91802978515625,-31.476501464844432,False,-941.0380859375,1416.9771118164065
ipv_004992,key_agent_1,2.9,-844.1212768554688,1282.862915039062,-917.1348876953124,1385.54931640625,96.91680908203125,-134.11419677734443,23.903198242187614,-31.427795410156477,False,-941.0380859375,1416.9771118164065
ipv_004992,key_agent_1,3.0,-844.8356323242188,1283.91015625,-917.1318969726562,1385.579467773438,96.20245361328125,-133.06695556640648,23.90618896484375,-31.397644042968523,False,-941.0380859375,1416.9771118164065
ipv_004992,key_agent_1,3.1,-845.5951538085938,1284.912841796875,-917.1270751953124,1385.593383789062,95.44293212890625,-132.06427001953148,23.911010742187614,-31.383728027344432,False,-941.0380859375,1416.9771118164065
ipv_004992,key_agent_1,3.2,-846.3468017578125,1285.916259765625,-917.142822265625,1385.604248046875,94.6912841796875,-131.06085205078148,23.895263671875,-31.372863769531477,False,-941.0380859375,1416.9771118164065
ipv_004992,key_agent_1,3.3,-847.0975341796875,1286.921508789062,-917.16748046875,1385.612426757812,93.9405517578125,-130.05560302734443,23.87060546875,-31.364685058594432,False,-941.0380859375,1416.9771118164065
ipv_004992,key_agent_1,3.4,-847.8367919921875,1287.944580078125,-917.1561279296876,1385.587768554688,93.2012939453125,-129.03253173828148,23.881958007812386,-31.389343261718523,False,-941.0380859375,1416.9771118164065
ipv_004992,key_agent_1,3.5,-848.6824951171875,1289.0576171875,-917.1142578125,1385.6220703125,92.3555908203125,-127.91949462890648,23.923828125,-31.355041503906477,False,-941.0380859375,1416.9771118164065
ipv_004992,key_agent_1,3.6,-849.4229736328125,1290.025512695312,-917.1456909179688,1385.614379882812,91.6151123046875,-126.95159912109443,23.89239501953125,-31.362731933594432,False,-941.0380859375,1416.9771118164065
ipv_004992,key_agent_1,3.7,-850.1431274414062,1291.01171875,-917.0060424804688,1385.400024414062,90.89495849609375,-125.96539306640648,24.03204345703125,-31.577087402344432,False,-941.0380859375,1416.9771118164065
ipv_004992,key_agent_1,3.8,-850.8927612304688,1292.02880859375,-917.0457153320312,1385.472778320312,90.14532470703125,-124.94830322265648,23.99237060546875,-31.504333496094432,False,-941.0380859375,1416.9771118164065
ipv_004992,key_agent_1,3.9,-851.653564453125,1293.018310546875,-916.9391479492188,1385.338989257812,89.384521484375,-123.95880126953148,24.09893798828125,-31.638122558594432,False,-941.0380859375,1416.9771118164065
ipv_004992,key_agent_1,4.0,-852.436767578125,1294.029663085938,-916.9963989257812,1385.444458007812,88.601318359375,-122.94744873046852,24.04168701171875,-31.532653808594432,False,-941.0380859375,1416.9771118164065
ipv_004992,key_agent_1,4.1,-853.1414184570312,1295.105224609375,-917.0379638671876,1385.503784179688,87.89666748046875,-121.87188720703148,24.000122070312386,-31.473327636718523,False,-941.0380859375,1416.9771118164065
ipv_004992,key_agent_1,4.2,-853.8781127929688,1296.097900390625,-917.074462890625,1385.547729492188,87.15997314453125,-120.87921142578148,23.963623046875,-31.429382324218523,False,-941.0380859375,1416.9771118164065
ipv_004992,key_agent_1,4.3,-854.6282348632812,1297.131469726562,-917.090087890625,1385.5673828125,86.40985107421875,-119.84564208984443,23.947998046875,-31.409729003906477,False,-941.0380859375,1416.9771118164065
ipv_004992,key_agent_1,4.4,-855.4169311523438,1298.171142578125,-917.082275390625,1385.590698242188,85.62115478515625,-118.80596923828148,23.955810546875,-31.386413574218523,False,-941.0380859375,1416.9771118164065
ipv_004992,key_agent_1,4.5,-856.1953125,1299.200927734375,-917.1378784179688,1385.65771484375,84.8427734375,-117.77618408203148,23.90020751953125,-31.319396972656477,False,-941.0380859375,1416.9771118164065
ipv_004992,key_agent_1,4.6,-856.903564453125,1300.201904296875,-917.0972900390624,1385.671508789062,84.134521484375,-116.77520751953148,23.940795898437614,-31.305603027344432,False,-941.0380859375,1416.9771118164065
ipv_004992,key_agent_1,4.7,-857.635009765625,1301.231201171875,-917.08251953125,1385.642822265625,83.403076171875,-115.74591064453148,23.95556640625,-31.334289550781477,False,-941.0380859375,1416.9771118164065
ipv_004992,key_agent_1,4.8,-858.4796752929688,1302.379516601562,-917.076416015625,1385.628173828125,82.55841064453125,-114.59759521484443,23.961669921875,-31.348937988281477,False,-941.0380859375,1416.9771118164065
ipv_004992,key_agent_1,4.9,-859.1243286132812,1303.331665039062,-917.0728149414062,1385.576416015625,81.91375732421875,-113.64544677734443,23.96527099609375,-31.400695800781477,False,-941.0380859375,1416.9771118164065
ipv_004992,key_agent_1,5.0,-859.8424072265625,1304.362670898438,-916.9583129882812,1385.379028320312,81.1956787109375,-112.61444091796852,24.07977294921875,-31.598083496094432,False,-941.0380859375,1416.9771118164065
ipv_004992,key_agent_1,5.1,-860.5634155273438,1305.30029296875,-916.8726196289062,1385.25830078125,80.47467041015625,-111.67681884765648,24.16546630859375,-31.718811035156477,False,-941.0380859375,1416.9771118164065
ipv_004992,key_agent_1,5.2,-861.327880859375,1306.286376953125,-916.8308715820312,1385.150146484375,79.710205078125,-110.69073486328148,24.20721435546875,-31.826965332031477,False,-941.0380859375,1416.9771118164065
ipv_004992,key_agent_1,5.3,-862.0233764648438,1307.25634765625,-916.9484252929688,1385.298095703125,79.01470947265625,-109.72076416015648,24.08966064453125,-31.679016113281477,False,-941.0380859375,1416.9771118164065
ipv_004992,key_agent_1,5.4,-862.7119750976562,1308.237060546875,-917.0045776367188,1385.409790039062,78.32611083984375,-108.74005126953148,24.03350830078125,-31.567321777344432,False,-941.0380859375,1416.9771118164065
ipv_004992,key_agent_1,5.5,-863.5164794921875,1309.394409179688,-917.0447998046876,1385.496704101562,77.5216064453125,-107.58270263671852,23.993286132812386,-31.480407714844432,False,-941.0380859375,1416.9771118164065
ipv_004992,key_agent_1,5.6,-864.1488037109375,1310.381103515625,-917.0565795898438,1385.556762695312,76.8892822265625,-106.59600830078148,23.98150634765625,-31.420349121094432,False,-941.0380859375,1416.9771118164065
ipv_004992,key_agent_1,5.7,-864.8256225585938,1311.352294921875,-917.0867309570312,1385.63330078125,76.21246337890625,-105.62481689453148,23.95135498046875,-31.343811035156477,False,-941.0380859375,1416.9771118164065
ipv_004992,key_agent_1,5.8,-865.4639892578125,1312.3486328125,-917.1004028320312,1385.671875,75.5740966796875,-104.62847900390648,23.93768310546875,-31.305236816406477,False,-941.0380859375,1416.9771118164065
ipv_004992,key_agent_1,5.9,-866.1015014648438,1313.327270507812,-917.1084594726562,1385.6767578125,74.93658447265625,-103.64984130859443,23.92962646484375,-31.300354003906477,False,-941.0380859375,1416.9771118164065
ipv_004992,key_agent_1,6.0,-866.6729736328125,1314.290649414062,-917.064208984375,1385.6572265625,74.3651123046875,-102.68646240234443,23.973876953125,-31.319885253906477,False,-941.0380859375,1416.9771118164065
ipv_004992,key_agent_1,6.1,-867.2276611328125,1315.234008789062,-917.0474243164062,1385.644165039062,73.8104248046875,-101.74310302734443,23.99066162109375,-31.332946777344432,False,-941.0380859375,1416.9771118164065
ipv_004992,key_agent_1,6.2,-867.9108276367188,1316.274658203125,-917.1657104492188,1385.822631835938,73.12725830078125,-100.70245361328148,23.87237548828125,-31.154479980468523,False,-941.0380859375,1416.9771118164065
ipv_004992,key_agent_1,6.3,-868.4835815429688,1317.136596679688,-917.2630004882812,1385.81884765625,72.55450439453125,-99.84051513671852,23.77508544921875,-31.158264160156477,False,-941.0380859375,1416.9771118164065
ipv_004992,key_agent_1,6.4,-869.0518188476562,1318.055297851562,-917.3319091796876,1385.916381835938,71.98626708984375,-98.92181396484443,23.706176757812386,-31.060729980468523,False,-941.0380859375,1416.9771118164065
ipv_004992,key_agent_1,6.5,-869.6482543945312,1318.993041992188,-917.3760986328124,1385.96044921875,71.38983154296875,-97.98406982421852,23.661987304687614,-31.016662597656477,False,-941.0380859375,1416.9771118164065
ipv_004992,key_agent_1,6.6,-870.1063232421875,1319.786743164062,-917.2606811523438,1385.809448242188,70.9317626953125,-97.19036865234443,23.77740478515625,-31.167663574218523,False,-941.0380859375,1416.9771118164065
ipv_004992,key_agent_1,6.7,-870.7727661132812,1320.798828125,-917.3363037109376,1385.87353515625,70.26531982421875,-96.17828369140648,23.701782226562386,-31.103576660156477,False,-941.0380859375,1416.9771118164065
ipv_004992,key_agent_1,6.8,-871.4315795898438,1321.933837890625,-917.3806762695312,1385.924560546875,69.60650634765625,-95.04327392578148,23.65740966796875,-31.052551269531477,False,-941.0380859375,1416.9771118164065
ipv_004992,key_agent_1,6.9,-871.9992065429688,1322.897583007812,-917.2816162109376,1385.785766601562,69.03887939453125,-94.07952880859443,23.756469726562386,-31.191345214844432,False,-941.0380859375,1416.9771118164065
ipv_004992,key_agent_1,7.0,-872.5636596679688,1323.841918945312,-917.3528442382812,1385.853393554688,68.47442626953125,-93.13519287109443,23.68524169921875,-31.123718261718523,False,-941.0380859375,1416.9771118164065
ipv_004992,key_agent_1,7.1,-873.1099243164062,1324.78173828125,-917.2694091796876,1385.728759765625,67.92816162109375,-92.19537353515648,23.768676757812386,-31.248352050781477,False,-941.0380859375,1416.9771118164065
ipv_004992,key_agent_1,7.2,-873.6553344726562,1325.690673828125,-917.3626708984376,1385.876586914062,67.38275146484375,-91.28643798828148,23.675415039062386,-31.100524902344432,False,-941.0380859375,1416.9771118164065
ipv_004992,key_agent_1,7.3,-874.1932983398438,1326.651123046875,-917.2727661132812,1385.738159179688,66.84478759765625,-90.32598876953148,23.76531982421875,-31.238952636718523,False,-941.0380859375,1416.9771118164065
ipv_004992,key_agent_1,7.4,-874.714111328125,1327.55908203125,-917.2347412109376,1385.661254882812,66.323974609375,-89.41802978515648,23.803344726562386,-31.315856933594432,False,-941.0380859375,1416.9771118164065
ipv_004992,key_agent_1,7.5,-875.2033081054688,1328.425048828125,-917.3365478515624,1385.806518554688,65.83477783203125,-88.55206298828148,23.701538085937614,-31.170593261718523,False,-941.0380859375,1416.9771118164065
ipv_004992,key_agent_1,7.6,-875.7188720703125,1329.338500976562,-917.4341430664062,1385.877075195312,65.3192138671875,-87.63861083984443,23.60394287109375,-31.100036621094432,False,-941.0380859375,1416.9771118164065
ipv_004992,key_agent_1,7.7,-876.2982788085938,1330.267822265625,-917.4619750976562,1385.9482421875,64.73980712890625,-86.70928955078148,23.57611083984375,-31.028869628906477,False,-941.0380859375,1416.9771118164065
ipv_004992,key_agent_1,7.8,-876.8259887695312,1331.216796875,-917.3698120117188,1385.814819335938,64.21209716796875,-85.76031494140648,23.66827392578125,-31.162292480468523,False,-941.0380859375,1416.9771118164065
ipv_004992,key_agent_1,7.9,-877.3524780273438,1332.128662109375,-917.4331665039062,1385.903930664062,63.68560791015625,-84.84844970703148,23.60491943359375,-31.073181152344432,False,-941.0380859375,1416.9771118164065
ipv_004992,key_agent_1,8.0,-877.709228515625,1332.760620117188,-917.4435424804688,1385.947021484375,63.328857421875,-84.21649169921852,23.59454345703125,-31.030090332031477,False,-941.0380859375,1416.9771118164065
ipv_004992,key_agent_1,8.1,-878.277587890625,1333.714965820312,-917.4567260742188,1385.9619140625,62.760498046875,-83.26214599609443,23.58135986328125,-31.015197753906477,False,-941.0380859375,1416.9771118164065
ipv_004992,key_agent_1,8.2,-878.685302734375,1334.427124023438,-917.263427734375,1385.722045898438,62.352783203125,-82.54998779296852,23.774658203125,-31.255065917968523,False,-941.0380859375,1416.9771118164065
ipv_004992,key_agent_1,8.3,-879.1875610351562,1335.194702148438,-917.1534423828124,1385.553100585938,61.85052490234375,-81.78240966796852,23.884643554687614,-31.424011230468523,False,-941.0380859375,1416.9771118164065
ipv_004992,key_agent_1,8.4,-879.685302734375,1336.013916015625,-917.1417236328124,1385.536254882812,61.352783203125,-80.96319580078148,23.896362304687614,-31.440856933594432,False,-941.0380859375,1416.9771118164065
ipv_004992,key_agent_1,8.5,-880.1754760742188,1336.802856445312,-916.98779296875,1385.303955078125,60.86260986328125,-80.17425537109443,24.05029296875,-31.673156738281477,False,-941.0380859375,1416.9771118164065
ipv_004992,key_agent_1,8.6,-880.7158203125,1337.674438476562,-916.9758911132812,1385.295166015625,60.322265625,-79.30267333984443,24.06219482421875,-31.681945800781477,False,-941.0380859375,1416.9771118164065
ipv_004992,key_agent_1,8.7,-881.2387084960938,1338.519287109375,-916.9597778320312,1385.333129882812,59.79937744140625,-78.45782470703148,24.07830810546875,-31.643981933594432,False,-941.0380859375,1416.9771118164065
ipv_004992,key_agent_1,8.8,-881.86279296875,1339.51171875,-916.999267578125,1385.392578125,59.17529296875,-77.46539306640648,24.038818359375,-31.584533691406477,False,-941.0380859375,1416.9771118164065
ipv_004992,key_agent_1,8.9,-882.4865112304688,1340.485961914062,-916.9613037109376,1385.362060546875,58.55157470703125,-76.49114990234443,24.076782226562386,-31.615051269531477,False,-941.0380859375,1416.9771118164065
ipv_004992,key_agent_1,9.0,-883.0645141601562,1341.390869140625,-916.9385375976562,1385.351928710938,57.97357177734375,-75.58624267578148,24.09954833984375,-31.625183105468523,False,-941.0380859375,1416.9771118164065
ipv_004992,key_agent_1,9.1,-883.6399536132812,1342.2578125,-916.935546875,1385.334228515625,57.39813232421875,-74.71929931640648,24.1025390625,-31.642883300781477,False,-941.0380859375,1416.9771118164065
ipv_004992,key_agent_1,9.2,-884.2139282226562,1343.111572265625,-916.9215698242188,1385.358276367188,56.82415771484375,-73.86553955078148,24.11651611328125,-31.618835449218523,False,-941.0380859375,1416.9771118164065
ipv_004992,key_agent_1,9.3,-884.7725219726562,1343.940673828125,-916.9397583007812,1385.409790039062,56.26556396484375,-73.03643798828148,24.09832763671875,-31.567321777344432,False,-941.0380859375,1416.9771118164065
ipv_004992,key_agent_1,9.4,-885.338134765625,1344.762817382812,-916.8540649414062,1385.2890625,55.699951171875,-72.21429443359443,24.18402099609375,-31.688049316406477,False,-941.0380859375,1416.9771118164065
ipv_004992,key_agent_1,9.5,-885.8927612304688,1345.572143554688,-916.8872680664062,1385.33154296875,55.14532470703125,-71.40496826171852,24.15081787109375,-31.645568847656477,False,-941.0380859375,1416.9771118164065
ipv_004992,key_agent_1,9.6,-886.4287109375,1346.598876953125,-916.892578125,1385.361938476562,54.609375,-70.37823486328148,24.1455078125,-31.615173339844432,False,-941.0380859375,1416.9771118164065
ipv_004992,key_agent_1,9.7,-886.8770141601562,1347.37158203125,-916.9782104492188,1385.293334960938,54.16107177734375,-69.60552978515648,24.05987548828125,-31.683776855468523,False,-941.0380859375,1416.9771118164065
ipv_004992,key_agent_1,9.8,-887.4423828125,1348.099609375,-917.02392578125,1385.359130859375,53.595703125,-68.87750244140648,24.01416015625,-31.617980957031477,False,-941.0380859375,1416.9771118164065
ipv_004992,key_agent_1,9.9,-887.8958129882812,1348.8759765625,-917.1290893554688,1385.521240234375,53.14227294921875,-68.10113525390648,23.90899658203125,-31.455871582031477,False,-941.0380859375,1416.9771118164065
ipv_004992,key_agent_1,10.0,-888.4876708984375,1349.572875976562,-917.12548828125,1385.506103515625,52.5504150390625,-67.40423583984443,23.91259765625,-31.471008300781477,False,-941.0380859375,1416.9771118164065
ipv_004992,key_agent_1,10.1,-889.0072631835938,1350.321044921875,-917.120849609375,1385.5029296875,52.03082275390625,-66.65606689453148,23.917236328125,-31.474182128906477,False,-941.0380859375,1416.9771118164065
ipv_004992,key_agent_1,10.2,-889.5601196289062,1351.063354492188,-917.0968017578124,1385.47216796875,51.47796630859375,-65.91375732421852,23.941284179687614,-31.504943847656477,False,-941.0380859375,1416.9771118164065
ipv_004992,key_agent_1,10.3,-890.0401611328125,1351.79296875,-917.1024169921876,1385.473266601562,50.9979248046875,-65.18414306640648,23.935668945312386,-31.503845214844432,False,-941.0380859375,1416.9771118164065
ipv_004992,key_agent_1,10.4,-890.5718994140625,1352.516357421875,-917.160400390625,1385.512451171875,50.4661865234375,-64.46075439453148,23.877685546875,-31.464660644531477,False,-941.0380859375,1416.9771118164065
ipv_004992,key_agent_1,10.5,-891.0509033203125,1353.21630859375,-917.14306640625,1385.4951171875,49.9871826171875,-63.76080322265648,23.89501953125,-31.481994628906477,False,-941.0380859375,1416.9771118164065
ipv_004992,key_agent_1,10.6,-891.5606689453125,1353.968017578125,-917.2134399414062,1385.59375,49.4774169921875,-63.00909423828148,23.82464599609375,-31.383361816406477,False,-941.0380859375,1416.9771118164065
ipv_004992,key_agent_1,10.7,-892.0831909179688,1354.703491210938,-917.3161010742188,1385.716430664062,48.95489501953125,-62.27362060546852,23.72198486328125,-31.260681152344432,False,-941.0380859375,1416.9771118164065
ipv_004992,key_agent_1,10.8,-892.5792846679688,1355.416015625,-917.3580932617188,1385.734252929688,48.45880126953125,-61.56109619140648,23.67999267578125,-31.242858886718523,False,-941.0380859375,1416.9771118164065
ipv_004992,key_agent_1,10.9,-893.0488891601562,1356.13134765625,-917.4166259765624,1385.87890625,47.98919677734375,-60.84576416015648,23.621459960937614,-31.098205566406477,False,-941.0380859375,1416.9771118164065
ipv_004992,key_agent_1,11.0,-893.5581665039062,1356.8408203125,-917.47314453125,1385.946166992188,47.47991943359375,-60.13629150390648,23.56494140625,-31.030944824218523,False,-941.0380859375,1416.9771118164065
ipv_004992,key_agent_1,11.1,-894.0829467773438,1357.53759765625,-917.5093383789062,1386.018798828125,46.95513916015625,-59.43951416015648,23.52874755859375,-30.958312988281477,False,-941.0380859375,1416.9771118164065
ipv_004992,key_agent_1,11.2,-894.591552734375,1358.251953125,-917.5364990234376,1386.066040039062,46.446533203125,-58.72515869140648,23.501586914062386,-30.911071777344432,False,-941.0380859375,1416.9771118164065
ipv_004992,key_agent_1,11.3,-895.1154174804688,1358.987060546875,-917.5808715820312,1386.137817382812,45.92266845703125,-57.99005126953148,23.45721435546875,-30.839294433594432,False,-941.0380859375,1416.9771118164065
ipv_004992,key_agent_1,11.4,-895.6128540039062,1359.698120117188,-917.5897216796876,1386.178833007812,45.42523193359375,-57.27899169921852,23.448364257812386,-30.798278808594432,False,-941.0380859375,1416.9771118164065
ipv_004992,key_agent_1,11.5,-896.1090698242188,1360.372924804688,-917.6209716796876,1386.22021484375,44.92901611328125,-56.60418701171852,23.417114257812386,-30.756896972656477,False,-941.0380859375,1416.9771118164065
ipv_004992,key_agent_1,11.6,-896.597412109375,1361.057006835938,-917.6441650390624,1386.2646484375,44.440673828125,-55.92010498046852,23.393920898437614,-30.712463378906477,False,-941.0380859375,1416.9771118164065
ipv_004992,key_agent_1,11.7,-897.1064453125,1361.774291992188,-917.6670532226562,1386.316284179688,43.931640625,-55.20281982421852,23.37103271484375,-30.660827636718523,False,-941.0380859375,1416.9771118164065
ipv_004992,key_agent_1,11.8,-897.6156616210938,1362.485717773438,-917.7298583984376,1386.403076171875,43.42242431640625,-54.49139404296852,23.308227539062386,-30.574035644531477,False,-941.0380859375,1416.9771118164065
ipv_004992,key_agent_1,11.9,-898.1149291992188,1363.180541992188,-917.7783203125,1386.456420898438,42.92315673828125,-53.79656982421852,23.259765625,-30.520690917968523,False,-941.0380859375,1416.9771118164065
ipv_004992,key_agent_1,12.0,-898.6179809570312,1363.884887695312,-917.85400390625,1386.533935546875,42.42010498046875,-53.09222412109443,23.18408203125,-30.443176269531477,False,-941.0380859375,1416.9771118164065
ipv_004992,key_agent_1,12.1,-899.0955810546875,1364.551391601562,-917.9437255859376,1386.6240234375,41.9425048828125,-52.42572021484443,23.094360351562386,-30.353088378906477,False,-941.0380859375,1416.9771118164065
ipv_004992,key_agent_1,12.2,-899.5338745117188,1365.199584960938,-918.0116577148438,1386.719360351562,41.50421142578125,-51.77752685546852,23.02642822265625,-30.257751464844432,False,-941.0380859375,1416.9771118164065
ipv_004992,key_agent_1,12.3,-900.0562744140625,1365.890625,-918.1170043945312,1386.872802734375,40.9818115234375,-51.08648681640648,22.92108154296875,-30.104309082031477,False,-941.0380859375,1416.9771118164065
ipv_004992,key_agent_1,12.4,-900.5569458007812,1366.596801757812,-918.22119140625,1387.03564453125,40.48114013671875,-50.38031005859443,22.81689453125,-29.941467285156477,False,-941.0380859375,1416.9771118164065
ipv_004992,key_agent_1,12.5,-901.0722045898438,1367.32275390625,-918.3469848632812,1387.215454101562,39.96588134765625,-49.65435791015648,22.69110107421875,-29.761657714844432,False,-941.0380859375,1416.9771118164065
ipv_004992,key_agent_1,12.6,-901.5687866210938,1367.995971679688,-918.46728515625,1387.385986328125,39.46929931640625,-48.98114013671852,22.57080078125,-29.591125488281477,False,-941.0380859375,1416.9771118164065
ipv_004992,key_agent_1,12.7,-902.05322265625,1368.678833007812,-918.6067504882812,1387.596801757812,38.98486328125,-48.29827880859443,22.43133544921875,-29.380310058594432,False,-941.0380859375,1416.9771118164065
ipv_004992,key_agent_1,12.8,-902.5549926757812,1369.36376953125,-918.7556762695312,1387.81103515625,38.48309326171875,-47.61334228515648,22.28240966796875,-29.166076660156477,False,-941.0380859375,1416.9771118164065
ipv_004992,key_agent_1,12.9,-903.0130615234376,1370.037231445312,-918.943359375,1388.066650390625,38.025024414062386,-46.93988037109443,22.0947265625,-28.910461425781477,False,-941.0380859375,1416.9771118164065
ipv_004992,key_agent_1,13.0,-903.491943359375,1370.737426757812,-919.1412963867188,1388.342529296875,37.546142578125,-46.23968505859443,21.89678955078125,-28.634582519531477,False,-941.0380859375,1416.9771118164065
ipv_004992,key_agent_1,13.1,-903.9988403320312,1371.423217773438,-919.3419799804688,1388.601684570312,37.03924560546875,-45.55389404296852,21.69610595703125,-28.375427246094432,False,-941.0380859375,1416.9771118164065
ipv_004992,key_agent_1,13.2,-904.4400634765624,1372.062744140625,-919.5794067382812,1388.930786132812,36.598022460937614,-44.91436767578148,21.45867919921875,-28.046325683594432,True,-941.0380859375,1416.9771118164065
ipv_004992,key_agent_1,13.3,-904.9141845703124,1372.8037109375,-919.833740234375,1389.270141601562,36.123901367187614,-44.17340087890648,21.204345703125,-27.706970214844432,True,-941.0380859375,1416.9771118164065
ipv_004992,key_agent_1,13.4,-905.4083862304688,1373.471557617188,-920.0808715820312,1389.60205078125,35.62969970703125,-43.50555419921852,20.95721435546875,-27.375061035156477,True,-941.0380859375,1416.9771118164065
ipv_004992,key_agent_1,13.5,-905.8040771484376,1374.03125,-920.352294921875,1389.954711914062,35.234008789062386,-42.94586181640648,20.685791015625,-27.022399902344432,True,-941.0380859375,1416.9771118164065
ipv_004992,key_agent_1,13.6,-906.2071533203124,1374.65673828125,-920.6103515625,1390.337890625,34.830932617187614,-42.32037353515648,20.427734375,-26.639221191406477,True,-941.0380859375,1416.9771118164065
ipv_004992,key_agent_1,13.7,-906.6717529296876,1375.306396484375,-920.90966796875,1390.738403320312,34.366333007812386,-41.67071533203148,20.12841796875,-26.238708496094432,True,-941.0380859375,1416.9771118164065
ipv_004992,key_agent_1,13.8,-907.129638671875,1375.942260742188,-921.2490844726562,1391.160888671875,33.908447265625,-41.03485107421852,19.78900146484375,-25.816223144531477,True,-941.0380859375,1416.9771118164065
ipv_004992,key_agent_1,13.9,-907.586181640625,1376.612060546875,-921.5645751953124,1391.56494140625,33.451904296875,-40.36505126953148,19.473510742187614,-25.412170410156477,True,-941.0380859375,1416.9771118164065
ipv_004992,key_agent_1,14.0,-908.1535034179688,1377.3916015625,-921.9144897460938,1391.987060546875,32.88458251953125,-39.58551025390648,19.12359619140625,-24.990051269531477,True,-941.0380859375,1416.9771118164065
ipv_004992,key_agent_1,14.1,-908.6887817382812,1378.12548828125,-922.2702026367188,1392.44775390625,32.34930419921875,-38.85162353515648,18.76788330078125,-24.529357910156477,True,-941.0380859375,1416.9771118164065
ipv_004992,key_agent_1,14.2,-909.2205200195312,1378.891357421875,-922.619873046875,1392.89697265625,31.81756591796875,-38.08575439453148,18.418212890625,-24.080139160156477,True,-941.0380859375,1416.9771118164065
ipv_004992,key_agent_1,14.3,-909.739501953125,1379.631103515625,-922.9767456054688,1393.336303710938,31.298583984375,-37.34600830078148,18.06134033203125,-23.640808105468523,True,-941.0380859375,1416.9771118164065
ipv_004992,key_agent_1,14.4,-910.2372436523438,1380.378295898438,-923.3306884765624,1393.823364257812,30.80084228515625,-36.59881591796852,17.707397460937614,-23.153747558594432,True,-941.0380859375,1416.9771118164065
ipv_004992,key_agent_1,14.5,-910.6270751953124,1380.980712890625,-923.7166137695312,1394.31982421875,30.411010742187614,-35.99639892578148,17.32147216796875,-22.657287597656477,True,-941.0380859375,1416.9771118164065
ipv_004992,key_agent_1,14.6,-911.1613159179688,1381.727905273438,-924.102783203125,1394.841552734375,29.87677001953125,-35.24920654296852,16.935302734375,-22.135559082031477,True,-941.0380859375,1416.9771118164065
ipv_004992,key_agent_1,14.7,-911.6915283203124,1382.467041015625,-924.5763549804688,1395.286010742188,29.346557617187614,-34.51007080078148,16.46173095703125,-21.691101074218523,True,-941.0380859375,1416.9771118164065
ipv_004992,key_agent_1,14.8,-912.2396850585938,1383.185791015625,-924.9857788085938,1395.815185546875,28.79840087890625,-33.79132080078148,16.05230712890625,-21.161926269531477,True,-941.0380859375,1416.9771118164065
ipv_004992,key_agent_1,14.9,-912.7814331054688,1383.918823242188,-925.36767578125,1396.3603515625,28.25665283203125,-33.05828857421852,15.67041015625,-20.616760253906477,True,-941.0380859375,1416.9771118164065
ipv_004992,key_agent_1,15.0,-913.3206176757812,1384.681884765625,-925.7708740234376,1396.917724609375,27.71746826171875,-32.29522705078148,15.267211914062386,-20.059387207031477,True,-941.0380859375,1416.9771118164065
ipv_004992,key_agent_1,15.1,-913.8672485351562,1385.415649414062,-926.218017578125,1397.429321289062,27.17083740234375,-31.561462402344432,14.820068359375,-19.547790527344432,True,-941.0380859375,1416.9771118164065
ipv_004992,key_agent_1,15.2,-914.4146118164062,1386.161010742188,-926.61181640625,1397.997192382812,26.62347412109375,-30.816101074218523,14.42626953125,-18.979919433594432,True,-941.0380859375,1416.9771118164065
ipv_004992,key_agent_1,15.3,-914.9098510742188,1386.884521484375,-927.0341186523438,1398.561889648438,26.12823486328125,-30.092590332031477,14.00396728515625,-18.415222167968523,True,-941.0380859375,1416.9771118164065
ipv_004992,key_agent_1,15.4,-915.4479370117188,1387.593017578125,-927.49267578125,1399.13720703125,25.59014892578125,-29.384094238281477,13.54541015625,-17.839904785156477,True,-941.0380859375,1416.9771118164065
ipv_004992,key_agent_1,15.5,-915.96875,1388.30322265625,-927.945068359375,1399.712524414062,25.0693359375,-28.673889160156477,13.093017578125,-17.264587402344432,True,-941.0380859375,1416.9771118164065
ipv_004992,key_agent_1,15.6,-916.5267333984376,1389.108520507812,-928.3795776367188,1400.310668945312,24.511352539062386,-27.868591308594432,12.65850830078125,-16.666442871094432,True,-941.0380859375,1416.9771118164065
ipv_004992,key_agent_1,15.7,-917.072509765625,1389.851806640625,-928.8264770507812,1400.887329101562,23.965576171875,-27.125305175781477,12.21160888671875,-16.089782714844432,True,-941.0380859375,1416.9771118164065
ipv_004992,key_agent_1,15.8,-917.6626586914062,1390.598022460938,-929.3250732421876,1401.498046875,23.37542724609375,-26.379089355468523,11.713012695312386,-15.479064941406477,True,-941.0380859375,1416.9771118164065
ipv_004992,key_agent_1,15.9,-918.2174682617188,1391.29931640625,-929.77880859375,1402.084228515625,22.82061767578125,-25.677795410156477,11.25927734375,-14.892883300781477,True,-941.0380859375,1416.9771118164065
ipv_004992,key_agent_1,16.0,-918.7298583984376,1392.007080078125,-930.2230224609376,1402.67919921875,22.308227539062386,-24.970031738281477,10.815063476562386,-14.297912597656477,True,-941.0380859375,1416.9771118164065
ipv_004992,key_agent_1,16.1,-919.2388916015624,1392.7314453125,-930.6658935546876,1403.318237304688,21.799194335937614,-24.245666503906477,10.372192382812386,-13.658874511718523,True,-941.0380859375,1416.9771118164065
ipv_004992,key_agent_1,16.2,-919.7298583984376,1393.37890625,-931.14794921875,1403.855590820312,21.308227539062386,-23.598205566406477,9.89013671875,-13.121520996094432,True,-941.0380859375,1416.9771118164065
ipv_004992,key_agent_1,16.3,-920.2533569335938,1394.095703125,-931.5906372070312,1404.459594726562,20.78472900390625,-22.881408691406477,9.44744873046875,-12.517517089844432,True,-941.0380859375,1416.9771118164065
ipv_004992,key_agent_1,16.4,-920.7357788085938,1394.775634765625,-932.0684204101562,1405.028564453125,20.30230712890625,-22.201477050781477,8.96966552734375,-11.948547363281477,True,-941.0380859375,1416.9771118164065
ipv_004992,key_agent_1,16.5,-921.2398681640624,1395.462036132812,-932.586181640625,1405.555541992188,19.798217773437614,-21.515075683594432,8.451904296875,-11.421569824218523,True,-941.0380859375,1416.9771118164065
ipv_004992,key_agent_1,16.6,-921.6858520507812,1396.106079101562,-933.0400390625,1406.076049804688,19.35223388671875,-20.871032714844432,7.998046875,-10.901062011718523,True,-941.0380859375,1416.9771118164065
ipv_004992,key_agent_1,16.7,-922.1505737304688,1396.73974609375,-933.4649047851562,1406.64501953125,18.88751220703125,-20.237365722656477,7.57318115234375,-10.332092285156477,True,-941.0380859375,1416.9771118164065
ipv_004992,key_agent_1,16.8,-922.624267578125,1397.388671875,-933.9102783203124,1407.164794921875,18.413818359375,-19.588439941406477,7.127807617187614,-9.812316894531477,True,-941.0380859375,1416.9771118164065
ipv_004992,key_agent_1,16.9,-923.0992431640624,1398.033813476562,-934.3557739257812,1407.6865234375,17.938842773437614,-18.943298339844432,6.68231201171875,-9.290588378906477,True,-941.0380859375,1416.9771118164065
ipv_004992,key_agent_1,17.0,-923.5960693359376,1398.686767578125,-934.7986450195312,1408.214477539062,17.442016601562386,-18.290344238281477,6.23944091796875,-8.762634277344432,True,-941.0380859375,1416.9771118164065
ipv_004992,key_agent_1,17.1,-924.0995483398438,1399.275756835938,-935.2553100585938,1408.74755859375,16.93853759765625,-17.701354980468523,5.78277587890625,-8.229553222656477,True,-941.0380859375,1416.9771118164065
ipv_004992,key_agent_1,17.2,-924.6083984375,1399.883666992188,-935.5758666992188,1409.3779296875,16.4296875,-17.093444824218523,5.46221923828125,-7.599182128906477,True,-941.0380859375,1416.9771118164065
ipv_004992,key_agent_1,17.3,-925.1007690429688,1400.471069335938,-936.0001220703124,1409.901000976562,15.93731689453125,-16.506042480468523,5.037963867187614,-7.076110839844432,True,-941.0380859375,1416.9771118164065
ipv_004992,key_agent_1,17.4,-925.5431518554688,1401.014770507812,-936.3941040039062,1410.41357421875,15.49493408203125,-15.962341308594432,4.64398193359375,-6.563537597656477,True,-941.0380859375,1416.9771118164065
ipv_004992,key_agent_1,17.5,-926.04736328125,1401.472778320312,-936.7045288085938,1411.007690429688,14.99072265625,-15.504333496094432,4.33355712890625,-5.969421386718523,True,-941.0380859375,1416.9771118164065
ipv_004992,key_agent_1,17.6,-926.4852294921876,1401.946533203125,-937.06201171875,1411.550048828125,14.552856445312386,-15.030578613281477,3.97607421875,-5.427062988281477,True,-941.0380859375,1416.9771118164065
ipv_004992,key_agent_1,17.7,-926.9456787109376,1402.430908203125,-937.431640625,1412.130981445312,14.092407226562386,-14.546203613281477,3.6064453125,-4.846130371094432,True,-941.0380859375,1416.9771118164065
ipv_004992,key_agent_1,17.8,-927.3960571289062,1402.868286132812,-937.896240234375,1412.6298828125,13.64202880859375,-14.108825683594432,3.141845703125,-4.347229003906477,True,-941.0380859375,1416.9771118164065
ipv_004992,key_agent_1,17.9,-927.877197265625,1403.290161132812,-938.3226928710938,1413.117797851562,13.160888671875,-13.686950683594432,2.71539306640625,-3.859313964844432,True,-941.0380859375,1416.9771118164065
ipv_004992,key_agent_1,18.0,-928.2667236328124,1403.80126953125,-938.6849975585938,1413.69091796875,12.771362304687614,-13.175842285156477,2.35308837890625,-3.2861938476564774,True,-941.0380859375,1416.9771118164065
ipv_004992,key_agent_1,18.1,-928.6433715820312,1404.23046875,-939.1027221679688,1414.1728515625,12.39471435546875,-12.746643066406477,1.93536376953125,-2.8042602539064774,True,-941.0380859375,1416.9771118164065
ipv_004992,key_agent_1,18.2,-929.0784912109376,1404.636840820312,-939.47998046875,1414.754516601562,11.959594726562386,-12.340270996094432,1.55810546875,-2.222595214844432,True,-941.0380859375,1416.9771118164065
ipv_004992,key_agent_1,18.3,-929.5308227539062,1405.04736328125,-939.85791015625,1415.357299804688,11.50726318359375,-11.929748535156477,1.18017578125,-1.6198120117185226,True,-941.0380859375,1416.9771118164065
ipv_004992,key_agent_1,18.4,-929.9137573242188,1405.41845703125,-940.2630004882812,1415.892944335938,11.12432861328125,-11.558654785156477,0.77508544921875,-1.0841674804685226,True,-941.0380859375,1416.9771118164065
ipv_004992,key_agent_1,18.5,-930.2898559570312,1405.782104492188,-940.6438598632812,1416.428833007812,10.74822998046875,-11.195007324218523,0.39422607421875,-0.5482788085944321,True,-941.0380859375,1416.9771118164065
ipv_004992,key_agent_1,18.6,-930.69482421875,1406.153076171875,-941.0621948242188,1416.968139648438,10.34326171875,-10.824035644531477,-0.02410888671875,-0.008972167968522626,True,-941.0380859375,1416.9771118164065
ipv_004992,key_agent_1,18.7,-931.1105346679688,1406.548583984375,-941.4476928710938,1417.55615234375,9.92755126953125,-10.428527832031477,-0.40960693359375,0.5790405273435226,True,-941.0380859375,1416.9771118164065
ipv_004992,key_agent_1,18.8,-931.5399780273438,1406.94091796875,-941.8165283203124,1418.0947265625,9.49810791015625,-10.036193847656477,-0.7784423828123863,1.1176147460935226,True,-941.0380859375,1416.9771118164065
ipv_004992,key_agent_1,18.9,-931.961181640625,1407.360717773438,-942.2091064453124,1418.660278320312,9.076904296875,-9.616394042968523,-1.1710205078123863,1.6831665039055679,True,-941.0380859375,1416.9771118164065
ipv_004992,key_agent_1,19.0,-932.4052734375,1407.817260742188,-942.5928344726562,1419.219116210938,8.6328125,-9.159851074218523,-1.55474853515625,2.2420043945314774,True,-941.0380859375,1416.9771118164065
ipv_004992,key_agent_1,19.1,-932.8626098632812,1408.286743164062,-942.9583129882812,1419.778076171875,8.17547607421875,-8.690368652344432,-1.92022705078125,2.8009643554685226,True,-941.0380859375,1416.9771118164065
ipv_004992,key_agent_1,19.2,-933.3333129882812,1408.773559570312,-943.2217407226562,1420.1845703125,7.70477294921875,-8.203552246094432,-2.18365478515625,3.2074584960935226,True,-941.0380859375,1416.9771118164065
ipv_004992,key_agent_1,19.3,-933.8318481445312,1409.271118164062,-943.5796508789062,1420.734252929688,7.20623779296875,-7.705993652344432,-2.54156494140625,3.7571411132814774,True,-941.0380859375,1416.9771118164065
ipv_004992,key_agent_1,19.4,-934.401611328125,1409.865478515625,-943.9436645507812,1421.354125976562,6.636474609375,-7.111633300781477,-2.90557861328125,4.377014160155568,True,-941.0380859375,1416.9771118164065
ipv_004992,key_agent_1,19.5,-935.0238647460938,1410.428588867188,-944.3118896484376,1421.936279296875,6.01422119140625,-6.548522949218523,-3.2738037109376137,4.959167480468523,True,-941.0380859375,1416.9771118164065
ipv_004992,key_agent_1,19.6,-935.5906372070312,1411.005859375,-944.5570068359376,1422.455932617188,5.44744873046875,-5.971252441406477,-3.5189208984376137,5.478820800781477,True,-941.0380859375,1416.9771118164065
ipv_004992,key_agent_1,19.7,-936.1488647460938,1411.57763671875,-944.8991088867188,1423.03125,4.88922119140625,-5.399475097656477,-3.86102294921875,6.054138183593523,True,-941.0380859375,1416.9771118164065
ipv_004992,key_agent_1,19.8,-936.7129516601562,1412.123901367188,-945.2196044921876,1423.610473632812,4.32513427734375,-4.853210449218523,-4.181518554687614,6.633361816405568,True,-941.0380859375,1416.9771118164065
ipv_004992,key_agent_1,19.9,-937.218994140625,1412.640625,-945.3199462890624,1424.290771484375,3.819091796875,-4.336486816406477,-4.281860351562386,7.313659667968523,True,-941.0380859375,1416.9771118164065
ipv_004992,key_agent_1,20.0,-937.6827392578124,1413.135620117188,-945.643310546875,1424.846801757812,3.3553466796876137,-3.8414916992185226,-4.605224609375,7.869689941405568,True,-941.0380859375,1416.9771118164065
ipv_004992,key_agent_1,20.1,-938.13037109375,1413.604736328125,-945.9332275390624,1425.4033203125,2.90771484375,-3.3723754882814774,-4.895141601562386,8.426208496093523,True,-941.0380859375,1416.9771118164065
ipv_004992,key_agent_1,20.2,-938.576416015625,1414.111572265625,-946.2625122070312,1425.972290039062,2.461669921875,-2.8655395507814774,-5.22442626953125,8.995178222655568,True,-941.0380859375,1416.9771118164065
ipv_004992,key_agent_1,20.3,-938.9962768554688,1414.601928710938,-945.981689453125,1427.026489257812,2.04180908203125,-2.3751831054685226,-4.943603515625,10.049377441405568,True,-941.0380859375,1416.9771118164065
ipv_004992,key_agent_1,20.4,-939.3419799804688,1414.994873046875,-945.9638061523438,1427.806884765625,1.69610595703125,-1.9822387695314774,-4.92572021484375,10.829772949218523,True,-941.0380859375,1416.9771118164065
ipv_004992,key_agent_1,20.5,-939.7057495117188,1415.42822265625,-945.9801025390624,1428.445922851562,1.33233642578125,-1.5488891601564774,-4.942016601562386,11.468811035155568,True,-941.0380859375,1416.9771118164065
ipv_004992,key_agent_1,20.6,-940.1192626953124,1415.94091796875,-946.0322265625,1428.879028320312,0.9188232421876137,-1.0361938476564774,-4.994140625,11.901916503905568,True,-941.0380859375,1416.9771118164065
ipv_004992,key_agent_1,20.7,-940.5679321289062,1416.466186523438,-946.023193359375,1429.341674804688,0.47015380859375,-0.5109252929685226,-4.985107421875,12.364562988281477,True,-941.0380859375,1416.9771118164065
ipv_004992,key_agent_1,20.8,-941.0139770507812,1416.986083984375,-946.1005249023438,1429.634155273438,0.02410888671875,0.008972167968522626,-5.06243896484375,12.657043457031477,True,-941.0380859375,1416.9771118164065
ipv_004992,key_agent_1,20.9,-941.43310546875,1417.493774414062,-946.1444702148438,1430.676513671875,-0.39501953125,0.5166625976555679,-5.10638427734375,13.699401855468523,True,-941.0380859375,1416.9771118164065
ipv_004992,key_agent_1,21.0,-941.7619018554688,1417.901733398438,-946.0770263671876,1431.566040039062,-0.72381591796875,0.9246215820314774,-5.038940429687614,14.588928222655568,True,-941.0380859375,1416.9771118164065
ipv_004992,key_agent_1,21.1,-942.057861328125,1418.290771484375,-945.9203491210938,1432.6787109375,-1.019775390625,1.3136596679685226,-4.88226318359375,15.701599121093523,True,-941.0380859375,1416.9771118164065
ipv_004992,key_agent_1,21.2,-942.4714965820312,1418.823974609375,-945.8477172851562,1433.488891601562,-1.43341064453125,1.8468627929685226,-4.80963134765625,16.511779785155568,True,-941.0380859375,1416.9771118164065
ipv_004992,key_agent_1,21.3,-942.8626098632812,1419.329833984375,-945.6995849609376,1434.1875,-1.82452392578125,2.3527221679685226,-4.661499023437614,17.210388183593523,True,-941.0380859375,1416.9771118164065
ipv_004992,key_agent_1,21.4,-943.209228515625,1419.814697265625,-945.5370483398438,1434.840942382812,-2.171142578125,2.8375854492185226,-4.49896240234375,17.863830566405568,True,-941.0380859375,1416.9771118164065
ipv_004992,key_agent_1,21.5,-943.5429077148438,1420.24560546875,-945.4223022460938,1435.473266601562,-2.50482177734375,3.2684936523435226,-4.38421630859375,18.496154785155568,True,-941.0380859375,1416.9771118164065
ipv_004992,key_agent_1,21.6,-943.983154296875,1420.687866210938,-945.2435302734376,1436.106811523438,-2.945068359375,3.7107543945314774,-4.205444335937614,19.129699707031477,True,-941.0380859375,1416.9771118164065
ipv_004992,key_agent_1,21.7,-944.429443359375,1421.130493164062,-945.02685546875,1436.694458007812,-3.391357421875,4.153381347655568,-3.98876953125,19.717346191405568,True,-941.0380859375,1416.9771118164065
ipv_004992,key_agent_1,21.8,-944.8714599609376,1421.58056640625,-944.802978515625,1437.333374023438,-3.8333740234376137,4.603454589843523,-3.764892578125,20.356262207031477,True,-941.0380859375,1416.9771118164065
ipv_004992,key_agent_1,21.9,-945.2169799804688,1422.0302734375,-944.5392456054688,1437.98681640625,-4.17889404296875,5.053161621093523,-3.50115966796875,21.009704589843523,True,-941.0380859375,1416.9771118164065
ipv_004992,key_agent_1,22.0,-945.508544921875,1422.493530273438,-944.2192993164062,1438.652709960938,-4.470458984375,5.516418457031477,-3.18121337890625,21.675598144531477,True,-941.0380859375,1416.9771118164065
ipv_004992,key_agent_1,22.1,-945.8325805664062,1422.953857421875,-943.9360961914062,1439.30126953125,-4.79449462890625,5.976745605468523,-2.89801025390625,22.324157714843523,True,-941.0380859375,1416.9771118164065
ipv_004992,key_agent_1,22.2,-946.3511352539062,1423.245483398438,-943.6083984375,1439.98046875,-5.31304931640625,6.268371582031477,-2.5703125,23.003356933593523,True,-941.0380859375,1416.9771118164065
ipv_004992,key_agent_1,22.3,-946.8453979492188,1423.51904296875,-943.2472534179688,1440.69921875,-5.80731201171875,6.541931152343523,-2.20916748046875,23.722106933593523,True,-941.0380859375,1416.9771118164065
ipv_004992,key_agent_1,22.4,-947.2294921875,1423.975952148438,-942.8707885742188,1441.4208984375,-6.19140625,6.998840332031477,-1.83270263671875,24.443786621093523,True,-941.0380859375,1416.9771118164065
ipv_004992,key_agent_1,22.5,-947.6119384765624,1424.434936523438,-942.4627685546876,1442.142822265625,-6.573852539062386,7.457824707031477,-1.4246826171876137,25.165710449218523,True,-941.0380859375,1416.9771118164065
ipv_004992,key_agent_1,22.6,-947.9951782226562,1424.887817382812,-942.04296875,1442.873657226562,-6.95709228515625,7.910705566405568,-1.0048828125,25.896545410155568,True,-941.0380859375,1416.9771118164065
ipv_004992,key_agent_1,22.7,-948.3837890625,1425.338989257812,-941.6286010742188,1443.5791015625,-7.345703125,8.361877441405568,-0.59051513671875,26.601989746093523,True,-941.0380859375,1416.9771118164065
